residue_pos,amino_acid,risk_score,contributing_peptides_count,peptides,peptide_start_pos
1,M,0.0,0,None,None
2,K,0.017644183710217476,1,['MKTLSQAQSKTSSQQ'],[0]
3,T,0.017644183710217476,1,['MKTLSQAQSKTSSQQ'],[0]
4,L,0.0,0,None,None
5,S,0.017644183710217476,4,"['KTLSQAQSKTSSQQF', 'LSQAQSKTSSQQFSF', 'MKTLSQAQSKTSSQQ', 'TLSQAQSKTSSQQFS']","[0, 1, 2, 3]"
6,Q,0.0061783394776284695,3,"['KTLSQAQSKTSSQQF', 'LSQAQSKTSSQQFSF', 'TLSQAQSKTSSQQFS']","[1, 2, 3]"
7,A,0.017644183710217476,1,['MKTLSQAQSKTSSQQ'],[0]
8,Q,0.017644183710217476,5,"['AQSKTSSQQFSFTGN', 'KTLSQAQSKTSSQQF', 'LSQAQSKTSSQQFSF', 'MKTLSQAQSKTSSQQ', 'TLSQAQSKTSSQQFS']","[0, 1, 2, 3, 6]"
9,S,0.0031911737751215696,3,"['AQSKTSSQQFSFTGN', 'QAQSKTSSQQFSFTG', 'QSKTSSQQFSFTGNS']","[5, 6, 7]"
10,K,0.0061783394776284695,6,"['KTLSQAQSKTSSQQF', 'LSQAQSKTSSQQFSF', 'QAQSKTSSQQFSFTG', 'QSKTSSQQFSFTGNS', 'SQAQSKTSSQQFSFT', 'TLSQAQSKTSSQQFS']","[1, 2, 3, 4, 5, 7]"
11,T,0.0061783394776284695,5,"['AQSKTSSQQFSFTGN', 'KTLSQAQSKTSSQQF', 'LSQAQSKTSSQQFSF', 'SQAQSKTSSQQFSFT', 'TLSQAQSKTSSQQFS']","[1, 2, 3, 4, 6]"
12,S,0.0031911737751215696,2,"['QAQSKTSSQQFSFTG', 'QSKTSSQQFSFTGNS']","[5, 7]"
13,S,0.00972718931734562,3,"['AQSKTSSQQFSFTGN', 'SKTSSQQFSFTGNSS', 'SQAQSKTSSQQFSFT']","[4, 6, 8]"
14,Q,0.00972718931734562,4,"['AQSKTSSQQFSFTGN', 'QAQSKTSSQQFSFTG', 'QSKTSSQQFSFTGNS', 'SKTSSQQFSFTGNSS']","[5, 6, 7, 8]"
15,Q,0.005447931122034788,5,"['KTSSQQFSFTGNSSA', 'QAQSKTSSQQFSFTG', 'QSKTSSQQFSFTGNS', 'SQAQSKTSSQQFSFT', 'TSSQQFSFTGNSSAN']","[4, 5, 7, 9, 10]"
16,F,0.00972718931734562,4,"['KTSSQQFSFTGNSSA', 'SKTSSQQFSFTGNSS', 'SQAQSKTSSQQFSFT', 'TSSQQFSFTGNSSAN']","[4, 8, 9, 10]"
17,S,0.06818130612373352,3,"['FSFTGNSSANVIIGN', 'QFSFTGNSSANVIIG', 'SSQQFSFTGNSSANV']","[11, 14, 15]"
18,F,0.06818130612373352,7,"['FSFTGNSSANVIIGN', 'KTSSQQFSFTGNSSA', 'QFSFTGNSSANVIIG', 'SKTSSQQFSFTGNSS', 'SQQFSFTGNSSANVI', 'SSQQFSFTGNSSANV', 'TSSQQFSFTGNSSAN']","[8, 9, 10, 11, 12, 14, 15]"
19,T,0.15923117101192474,5,"['FTGNSSANVIIGNQK', 'QQFSFTGNSSANVII', 'SFTGNSSANVIIGNQ', 'SKTSSQQFSFTGNSS', 'SQQFSFTGNSSANVI']","[8, 12, 13, 16, 17]"
20,G,0.15923117101192474,8,"['FSFTGNSSANVIIGN', 'FTGNSSANVIIGNQK', 'KTSSQQFSFTGNSSA', 'QFSFTGNSSANVIIG', 'QQFSFTGNSSANVII', 'SFTGNSSANVIIGNQ', 'SSQQFSFTGNSSANV', 'TSSQQFSFTGNSSAN']","[9, 10, 11, 13, 14, 15, 16, 17]"
21,N,0.03723816201090813,3,"['KTSSQQFSFTGNSSA', 'SQQFSFTGNSSANVI', 'TSSQQFSFTGNSSAN']","[9, 10, 12]"
22,S,0.15923117101192474,6,"['FSFTGNSSANVIIGN', 'FTGNSSANVIIGNQK', 'QFSFTGNSSANVIIG', 'QQFSFTGNSSANVII', 'SFTGNSSANVIIGNQ', 'SSQQFSFTGNSSANV']","[11, 13, 14, 15, 16, 17]"
23,S,0.06818130612373352,5,"['FSFTGNSSANVIIGN', 'QFSFTGNSSANVIIG', 'SQQFSFTGNSSANVI', 'SSQQFSFTGNSSANV', 'TGNSSANVIIGNQKL']","[11, 12, 14, 15, 18]"
24,A,0.15923117101192474,5,"['FTGNSSANVIIGNQK', 'QQFSFTGNSSANVII', 'SFTGNSSANVIIGNQ', 'SQQFSFTGNSSANVI', 'TGNSSANVIIGNQKL']","[12, 13, 16, 17, 18]"
25,N,0.15923117101192474,4,"['FTGNSSANVIIGNQK', 'GNSSANVIIGNQKLT', 'QQFSFTGNSSANVII', 'SFTGNSSANVIIGNQ']","[13, 16, 17, 19]"
26,V,0.7152840495109558,5,"['ANVIIGNQKLTINDV', 'GNSSANVIIGNQKLT', 'NSSANVIIGNQKLTI', 'NVIIGNQKLTINDVA', 'TGNSSANVIIGNQKL']","[18, 19, 20, 23, 24]"
27,I,0.7152840495109558,4,"['ANVIIGNQKLTINDV', 'NSSANVIIGNQKLTI', 'NVIIGNQKLTINDVA', 'SSANVIIGNQKLTIN']","[20, 21, 23, 24]"
28,I,0.8549017310142517,6,"['GNSSANVIIGNQKLT', 'IIGNQKLTINDVARV', 'SANVIIGNQKLTIND', 'SSANVIIGNQKLTIN', 'TGNSSANVIIGNQKL', 'VIIGNQKLTINDVAR']","[18, 19, 21, 22, 25, 26]"
29,G,0.8549017310142517,7,"['ANVIIGNQKLTINDV', 'IIGNQKLTINDVARV', 'NSSANVIIGNQKLTI', 'NVIIGNQKLTINDVA', 'SANVIIGNQKLTIND', 'TGNSSANVIIGNQKL', 'VIIGNQKLTINDVAR']","[18, 20, 22, 23, 24, 25, 26]"
30,N,0.679713249206543,2,"['GNSSANVIIGNQKLT', 'SSANVIIGNQKLTIN']","[19, 21]"
31,Q,0.8549017310142517,7,"['ANVIIGNQKLTINDV', 'GNSSANVIIGNQKLT', 'IIGNQKLTINDVARV', 'NSSANVIIGNQKLTI', 'NVIIGNQKLTINDVA', 'SANVIIGNQKLTIND', 'VIIGNQKLTINDVAR']","[19, 20, 22, 23, 24, 25, 26]"
32,K,0.7152840495109558,7,"['ANVIIGNQKLTINDV', 'GNQKLTINDVARVAR', 'NQKLTINDVARVARN', 'NSSANVIIGNQKLTI', 'NVIIGNQKLTINDVA', 'QKLTINDVARVARNG', 'SSANVIIGNQKLTIN']","[20, 21, 23, 24, 28, 29, 30]"
33,L,0.8549017310142517,9,"['GNQKLTINDVARVAR', 'IGNQKLTINDVARVA', 'IIGNQKLTINDVARV', 'KLTINDVARVARNGT', 'NQKLTINDVARVARN', 'QKLTINDVARVARNG', 'SANVIIGNQKLTIND', 'SSANVIIGNQKLTIN', 'VIIGNQKLTINDVAR']","[21, 22, 25, 26, 27, 28, 29, 30, 31]"
34,T,0.8549017310142517,6,"['IGNQKLTINDVARVA', 'IIGNQKLTINDVARV', 'KLTINDVARVARNGT', 'LTINDVARVARNGTL', 'SANVIIGNQKLTIND', 'VIIGNQKLTINDVAR']","[22, 25, 26, 27, 31, 32]"
35,I,0.6052237153053284,4,"['GNQKLTINDVARVAR', 'LTINDVARVARNGTL', 'NQKLTINDVARVARN', 'QKLTINDVARVARNG']","[28, 29, 30, 32]"
36,N,0.36413896083831787,3,"['IGNQKLTINDVARVA', 'KLTINDVARVARNGT', 'TINDVARVARNGTLV']","[27, 31, 33]"
37,D,0.6052237153053284,5,"['GNQKLTINDVARVAR', 'LTINDVARVARNGTL', 'NQKLTINDVARVARN', 'QKLTINDVARVARNG', 'TINDVARVARNGTLV']","[28, 29, 30, 32, 33]"
38,V,0.6052237153053284,5,"['GNQKLTINDVARVAR', 'IGNQKLTINDVARVA', 'KLTINDVARVARNGT', 'NQKLTINDVARVARN', 'QKLTINDVARVARNG']","[27, 28, 29, 30, 31]"
39,A,0.36413896083831787,4,"['IGNQKLTINDVARVA', 'KLTINDVARVARNGT', 'LTINDVARVARNGTL', 'TINDVARVARNGTLV']","[27, 31, 32, 33]"
40,R,0.2707822322845459,4,"['DVARVARNGTLVSLT', 'INDVARVARNGTLVS', 'LTINDVARVARNGTL', 'VARVARNGTLVSLTN']","[32, 34, 36, 37]"
41,V,0.2707822322845459,6,"['DVARVARNGTLVSLT', 'INDVARVARNGTLVS', 'NDVARVARNGTLVSL', 'RVARNGTLVSLTNNT', 'TINDVARVARNGTLV', 'VARVARNGTLVSLTN']","[33, 34, 35, 36, 37, 39]"
42,A,0.12924624979496002,5,"['ARVARNGTLVSLTNN', 'NDVARVARNGTLVSL', 'RVARNGTLVSLTNNT', 'TINDVARVARNGTLV', 'VARNGTLVSLTNNTD']","[33, 35, 38, 39, 40]"
43,R,0.2707822322845459,5,"['ARVARNGTLVSLTNN', 'DVARVARNGTLVSLT', 'INDVARVARNGTLVS', 'VARNGTLVSLTNNTD', 'VARVARNGTLVSLTN']","[34, 36, 37, 38, 40]"
44,N,0.12924624979496002,2,"['NDVARVARNGTLVSL', 'RVARNGTLVSLTNNT']","[35, 39]"
45,G,0.2707822322845459,5,"['ARVARNGTLVSLTNN', 'DVARVARNGTLVSLT', 'INDVARVARNGTLVS', 'VARNGTLVSLTNNTD', 'VARVARNGTLVSLTN']","[34, 36, 37, 38, 40]"
46,T,0.2707822322845459,7,"['ARNGTLVSLTNNTDI', 'DVARVARNGTLVSLT', 'INDVARVARNGTLVS', 'NDVARVARNGTLVSL', 'NGTLVSLTNNTDILQ', 'RVARNGTLVSLTNNT', 'VARVARNGTLVSLTN']","[34, 35, 36, 37, 39, 41, 43]"
47,L,0.12924624979496002,8,"['ARNGTLVSLTNNTDI', 'ARVARNGTLVSLTNN', 'GTLVSLTNNTDILQG', 'NDVARVARNGTLVSL', 'NGTLVSLTNNTDILQ', 'RVARNGTLVSLTNNT', 'TLVSLTNNTDILQGI', 'VARNGTLVSLTNNTD']","[35, 38, 39, 40, 41, 43, 44, 45]"
48,V,0.052952755242586136,6,"['ARVARNGTLVSLTNN', 'GTLVSLTNNTDILQG', 'LVSLTNNTDILQGIQ', 'RNGTLVSLTNNTDIL', 'TLVSLTNNTDILQGI', 'VARNGTLVSLTNNTD']","[38, 40, 42, 44, 45, 46]"
49,S,0.0375833585858345,5,"['ARNGTLVSLTNNTDI', 'LVSLTNNTDILQGIQ', 'NGTLVSLTNNTDILQ', 'RNGTLVSLTNNTDIL', 'VSLTNNTDILQGIQA']","[41, 42, 43, 46, 47]"
50,L,0.01149728987365961,3,"['GTLVSLTNNTDILQG', 'TLVSLTNNTDILQGI', 'VSLTNNTDILQGIQA']","[44, 45, 47]"
51,T,0.0375833585858345,5,"['ARNGTLVSLTNNTDI', 'LVSLTNNTDILQGIQ', 'NGTLVSLTNNTDILQ', 'RNGTLVSLTNNTDIL', 'SLTNNTDILQGIQAS']","[41, 42, 43, 46, 48]"
52,N,0.0375833585858345,6,"['ARNGTLVSLTNNTDI', 'GTLVSLTNNTDILQG', 'NGTLVSLTNNTDILQ', 'SLTNNTDILQGIQAS', 'TLVSLTNNTDILQGI', 'VSLTNNTDILQGIQA']","[41, 43, 44, 45, 47, 48]"
53,N,0.016071166843175888,4,"['GTLVSLTNNTDILQG', 'LVSLTNNTDILQGIQ', 'RNGTLVSLTNNTDIL', 'TLVSLTNNTDILQGI']","[42, 44, 45, 46]"
54,T,0.016071166843175888,4,"['LVSLTNNTDILQGIQ', 'RNGTLVSLTNNTDIL', 'SLTNNTDILQGIQAS', 'VSLTNNTDILQGIQA']","[42, 46, 47, 48]"
55,D,0.026873493567109108,2,"['LTNNTDILQGIQASC', 'VSLTNNTDILQGIQA']","[47, 49]"
56,I,0.026873493567109108,5,"['DILQGIQASCDYINN', 'LTNNTDILQGIQASC', 'NNTDILQGIQASCDY', 'SLTNNTDILQGIQAS', 'TNNTDILQGIQASCD']","[48, 49, 50, 51, 54]"
57,L,0.006705346051603556,4,"['DILQGIQASCDYINN', 'NNTDILQGIQASCDY', 'SLTNNTDILQGIQAS', 'TNNTDILQGIQASCD']","[48, 50, 51, 54]"
58,Q,0.026873493567109108,5,"['ILQGIQASCDYINNA', 'LQGIQASCDYINNAV', 'LTNNTDILQGIQASC', 'NTDILQGIQASCDYI', 'TDILQGIQASCDYIN']","[49, 52, 53, 55, 56]"
59,G,0.016039138659834862,7,"['DILQGIQASCDYINN', 'ILQGIQASCDYINNA', 'LQGIQASCDYINNAV', 'NNTDILQGIQASCDY', 'NTDILQGIQASCDYI', 'TDILQGIQASCDYIN', 'TNNTDILQGIQASCD']","[50, 51, 52, 53, 54, 55, 56]"
60,I,0.026873493567109108,1,['LTNNTDILQGIQASC'],[49]
61,Q,0.026873493567109108,8,"['DILQGIQASCDYINN', 'ILQGIQASCDYINNA', 'LQGIQASCDYINNAV', 'LTNNTDILQGIQASC', 'NNTDILQGIQASCDY', 'NTDILQGIQASCDYI', 'TDILQGIQASCDYIN', 'TNNTDILQGIQASCD']","[49, 50, 51, 52, 53, 54, 55, 56]"
62,A,0.003618558868765831,3,"['DILQGIQASCDYINN', 'NNTDILQGIQASCDY', 'TNNTDILQGIQASCD']","[50, 51, 54]"
63,S,0.016039138659834862,6,"['GIQASCDYINNAVES', 'ILQGIQASCDYINNA', 'LQGIQASCDYINNAV', 'NTDILQGIQASCDYI', 'QGIQASCDYINNAVE', 'TDILQGIQASCDYIN']","[52, 53, 55, 56, 57, 58]"
64,C,0.016039138659834862,6,"['GIQASCDYINNAVES', 'ILQGIQASCDYINNA', 'LQGIQASCDYINNAV', 'NTDILQGIQASCDYI', 'QGIQASCDYINNAVE', 'TDILQGIQASCDYIN']","[52, 53, 55, 56, 57, 58]"
65,D,0.014863098040223122,3,"['ASCDYINNAVESGEP', 'CDYINNAVESGEPIY', 'IQASCDYINNAVESG']","[59, 61, 63]"
66,Y,0.022100651636719704,8,"['ASCDYINNAVESGEP', 'CDYINNAVESGEPIY', 'DYINNAVESGEPIYG', 'GIQASCDYINNAVES', 'IQASCDYINNAVESG', 'QASCDYINNAVESGE', 'QGIQASCDYINNAVE', 'SCDYINNAVESGEPI']","[57, 58, 59, 60, 61, 62, 63, 64]"
67,I,0.022100651636719704,4,"['DYINNAVESGEPIYG', 'QASCDYINNAVESGE', 'SCDYINNAVESGEPI', 'YINNAVESGEPIYGV']","[60, 62, 64, 65]"
68,N,0.014863098040223122,6,"['ASCDYINNAVESGEP', 'CDYINNAVESGEPIY', 'GIQASCDYINNAVES', 'IQASCDYINNAVESG', 'QGIQASCDYINNAVE', 'YINNAVESGEPIYGV']","[57, 58, 59, 61, 63, 65]"
69,N,0.022100651636719704,5,"['DYINNAVESGEPIYG', 'GIQASCDYINNAVES', 'QASCDYINNAVESGE', 'QGIQASCDYINNAVE', 'SCDYINNAVESGEPI']","[57, 58, 60, 62, 64]"
70,A,0.014863098040223122,4,"['ASCDYINNAVESGEP', 'CDYINNAVESGEPIY', 'IQASCDYINNAVESG', 'YINNAVESGEPIYGV']","[59, 61, 63, 65]"
71,V,0.022100651636719704,9,"['ASCDYINNAVESGEP', 'AVESGEPIYGVTSGF', 'CDYINNAVESGEPIY', 'DYINNAVESGEPIYG', 'INNAVESGEPIYGVT', 'IQASCDYINNAVESG', 'NNAVESGEPIYGVTS', 'QASCDYINNAVESGE', 'SCDYINNAVESGEPI']","[59, 60, 61, 62, 63, 64, 66, 67, 69]"
72,E,0.022100651636719704,9,"['AVESGEPIYGVTSGF', 'DYINNAVESGEPIYG', 'INNAVESGEPIYGVT', 'NAVESGEPIYGVTSG', 'NNAVESGEPIYGVTS', 'QASCDYINNAVESGE', 'SCDYINNAVESGEPI', 'VESGEPIYGVTSGFG', 'YINNAVESGEPIYGV']","[60, 62, 64, 65, 66, 67, 68, 69, 70]"
73,S,0.007850494235754013,3,"['NAVESGEPIYGVTSG', 'VESGEPIYGVTSGFG', 'YINNAVESGEPIYGV']","[65, 68, 70]"
74,G,0.007741158828139305,3,"['AVESGEPIYGVTSGF', 'INNAVESGEPIYGVT', 'NNAVESGEPIYGVTS']","[66, 67, 69]"
75,E,0.007816602475941181,2,"['NAVESGEPIYGVTSG', 'VESGEPIYGVTSGFG']","[68, 70]"
76,P,0.007741158828139305,3,"['AVESGEPIYGVTSGF', 'INNAVESGEPIYGVT', 'NNAVESGEPIYGVTS']","[66, 67, 69]"
77,I,0.01931966096162796,8,"['AVESGEPIYGVTSGF', 'ESGEPIYGVTSGFGG', 'GEPIYGVTSGFGGMA', 'INNAVESGEPIYGVT', 'NAVESGEPIYGVTSG', 'NNAVESGEPIYGVTS', 'PIYGVTSGFGGMANV', 'VESGEPIYGVTSGFG']","[66, 67, 68, 69, 70, 71, 73, 75]"
78,Y,0.01931966096162796,8,"['EPIYGVTSGFGGMAN', 'ESGEPIYGVTSGFGG', 'GEPIYGVTSGFGGMA', 'IYGVTSGFGGMANVA', 'NAVESGEPIYGVTSG', 'PIYGVTSGFGGMANV', 'SGEPIYGVTSGFGGM', 'VESGEPIYGVTSGFG']","[68, 70, 71, 72, 73, 74, 75, 76]"
79,G,0.01654478721320629,3,"['EPIYGVTSGFGGMAN', 'IYGVTSGFGGMANVA', 'SGEPIYGVTSGFGGM']","[72, 74, 76]"
80,V,0.01931966096162796,3,"['ESGEPIYGVTSGFGG', 'GEPIYGVTSGFGGMA', 'PIYGVTSGFGGMANV']","[71, 73, 75]"
81,T,0.01654478721320629,3,"['EPIYGVTSGFGGMAN', 'IYGVTSGFGGMANVA', 'SGEPIYGVTSGFGGM']","[72, 74, 76]"
82,S,0.01931966096162796,3,"['ESGEPIYGVTSGFGG', 'GEPIYGVTSGFGGMA', 'PIYGVTSGFGGMANV']","[71, 73, 75]"
83,G,0.029155446216464043,9,"['EPIYGVTSGFGGMAN', 'ESGEPIYGVTSGFGG', 'GEPIYGVTSGFGGMA', 'GVTSGFGGMANVAIS', 'IYGVTSGFGGMANVA', 'PIYGVTSGFGGMANV', 'SGEPIYGVTSGFGGM', 'TSGFGGMANVAISRE', 'YGVTSGFGGMANVAI']","[71, 72, 73, 74, 75, 76, 77, 78, 80]"
84,F,0.029155446216464043,6,"['EPIYGVTSGFGGMAN', 'GVTSGFGGMANVAIS', 'IYGVTSGFGGMANVA', 'SGEPIYGVTSGFGGM', 'TSGFGGMANVAISRE', 'YGVTSGFGGMANVAI']","[72, 74, 76, 77, 78, 80]"
85,G,0.025300096720457077,3,"['GFGGMANVAISREQA', 'SGFGGMANVAISREQ', 'VTSGFGGMANVAISR']","[79, 81, 82]"
86,G,0.029155446216464043,6,"['GFGGMANVAISREQA', 'GVTSGFGGMANVAIS', 'SGFGGMANVAISREQ', 'TSGFGGMANVAISRE', 'VTSGFGGMANVAISR', 'YGVTSGFGGMANVAI']","[77, 78, 79, 80, 81, 82]"
87,M,0.0,0,None,None
88,A,0.029155446216464043,6,"['GFGGMANVAISREQA', 'GVTSGFGGMANVAIS', 'SGFGGMANVAISREQ', 'TSGFGGMANVAISRE', 'VTSGFGGMANVAISR', 'YGVTSGFGGMANVAI']","[77, 78, 79, 80, 81, 82]"
89,N,0.16010527312755585,7,"['ANVAISREQASELQT', 'FGGMANVAISREQAS', 'GGMANVAISREQASE', 'GMANVAISREQASEL', 'GVTSGFGGMANVAIS', 'TSGFGGMANVAISRE', 'YGVTSGFGGMANVAI']","[77, 78, 80, 83, 84, 85, 87]"
90,V,0.16010527312755585,9,"['ANVAISREQASELQT', 'FGGMANVAISREQAS', 'GFGGMANVAISREQA', 'GGMANVAISREQASE', 'GMANVAISREQASEL', 'MANVAISREQASELQ', 'NVAISREQASELQTN', 'SGFGGMANVAISREQ', 'VTSGFGGMANVAISR']","[79, 81, 82, 83, 84, 85, 86, 87, 88]"
91,A,0.054546911269426346,6,"['GFGGMANVAISREQA', 'MANVAISREQASELQ', 'NVAISREQASELQTN', 'SGFGGMANVAISREQ', 'VAISREQASELQTNL', 'VTSGFGGMANVAISR']","[79, 81, 82, 86, 88, 89]"
92,I,0.16010527312755585,5,"['ANVAISREQASELQT', 'FGGMANVAISREQAS', 'GGMANVAISREQASE', 'GMANVAISREQASEL', 'VAISREQASELQTNL']","[83, 84, 85, 87, 89]"
93,S,0.054546911269426346,4,"['AISREQASELQTNLV', 'ISREQASELQTNLVW', 'MANVAISREQASELQ', 'NVAISREQASELQTN']","[86, 88, 90, 91]"
94,R,0.16010527312755585,7,"['AISREQASELQTNLV', 'ANVAISREQASELQT', 'FGGMANVAISREQAS', 'GGMANVAISREQASE', 'GMANVAISREQASEL', 'ISREQASELQTNLVW', 'VAISREQASELQTNL']","[83, 84, 85, 87, 89, 90, 91]"
95,E,0.16010527312755585,6,"['ANVAISREQASELQT', 'FGGMANVAISREQAS', 'GGMANVAISREQASE', 'GMANVAISREQASEL', 'MANVAISREQASELQ', 'NVAISREQASELQTN']","[83, 84, 85, 86, 87, 88]"
96,Q,0.054546911269426346,5,"['AISREQASELQTNLV', 'ISREQASELQTNLVW', 'MANVAISREQASELQ', 'NVAISREQASELQTN', 'VAISREQASELQTNL']","[86, 88, 89, 90, 91]"
97,A,0.009381186217069626,1,['VAISREQASELQTNL'],[89]
98,S,0.004791304934769869,3,"['AISREQASELQTNLV', 'ISREQASELQTNLVW', 'SREQASELQTNLVWF']","[90, 91, 92]"
99,E,0.004909350071102381,6,"['AISREQASELQTNLV', 'EQASELQTNLVWFLK', 'ISREQASELQTNLVW', 'QASELQTNLVWFLKT', 'REQASELQTNLVWFL', 'SREQASELQTNLVWF']","[90, 91, 92, 93, 94, 95]"
100,L,0.004909350071102381,4,"['ASELQTNLVWFLKTG', 'EQASELQTNLVWFLK', 'QASELQTNLVWFLKT', 'REQASELQTNLVWFL']","[93, 94, 95, 96]"
101,Q,0.004791304934769869,2,"['ASELQTNLVWFLKTG', 'SREQASELQTNLVWF']","[92, 96]"
102,T,0.004909350071102381,3,"['EQASELQTNLVWFLK', 'QASELQTNLVWFLKT', 'REQASELQTNLVWFL']","[93, 94, 95]"
103,N,0.0996808186173439,7,"['ASELQTNLVWFLKTG', 'ELQTNLVWFLKTGAG', 'LQTNLVWFLKTGAGN', 'QTNLVWFLKTGAGNK', 'SELQTNLVWFLKTGA', 'SREQASELQTNLVWF', 'TNLVWFLKTGAGNKL']","[92, 96, 97, 98, 99, 100, 101]"
104,L,0.15470558404922485,10,"['ELQTNLVWFLKTGAG', 'EQASELQTNLVWFLK', 'LQTNLVWFLKTGAGN', 'NLVWFLKTGAGNKLP', 'QASELQTNLVWFLKT', 'QTNLVWFLKTGAGNK', 'REQASELQTNLVWFL', 'SELQTNLVWFLKTGA', 'SREQASELQTNLVWF', 'TNLVWFLKTGAGNKL']","[92, 93, 94, 95, 97, 98, 99, 100, 101, 102]"
105,V,0.15470558404922485,6,"['ASELQTNLVWFLKTG', 'EQASELQTNLVWFLK', 'LVWFLKTGAGNKLPL', 'NLVWFLKTGAGNKLP', 'QASELQTNLVWFLKT', 'REQASELQTNLVWFL']","[93, 94, 95, 96, 102, 103]"
106,W,0.0996808186173439,8,"['ASELQTNLVWFLKTG', 'ELQTNLVWFLKTGAG', 'LQTNLVWFLKTGAGN', 'LVWFLKTGAGNKLPL', 'QTNLVWFLKTGAGNK', 'SELQTNLVWFLKTGA', 'TNLVWFLKTGAGNKL', 'VWFLKTGAGNKLPLA']","[96, 97, 98, 99, 100, 101, 103, 104]"
107,F,0.15470558404922485,2,"['NLVWFLKTGAGNKLP', 'VWFLKTGAGNKLPLA']","[102, 104]"
108,L,0.0996808186173439,7,"['ELQTNLVWFLKTGAG', 'FLKTGAGNKLPLADV', 'LQTNLVWFLKTGAGN', 'LVWFLKTGAGNKLPL', 'QTNLVWFLKTGAGNK', 'SELQTNLVWFLKTGA', 'TNLVWFLKTGAGNKL']","[97, 98, 99, 100, 101, 103, 106]"
109,K,0.15470558404922485,10,"['ELQTNLVWFLKTGAG', 'FLKTGAGNKLPLADV', 'LKTGAGNKLPLADVR', 'LQTNLVWFLKTGAGN', 'NLVWFLKTGAGNKLP', 'QTNLVWFLKTGAGNK', 'SELQTNLVWFLKTGA', 'TNLVWFLKTGAGNKL', 'VWFLKTGAGNKLPLA', 'WFLKTGAGNKLPLAD']","[97, 98, 99, 100, 101, 102, 104, 105, 106, 107]"
110,T,0.15470558404922485,4,"['LKTGAGNKLPLADVR', 'LVWFLKTGAGNKLPL', 'NLVWFLKTGAGNKLP', 'WFLKTGAGNKLPLAD']","[102, 103, 105, 107]"
111,G,0.05168968439102173,3,"['FLKTGAGNKLPLADV', 'LVWFLKTGAGNKLPL', 'VWFLKTGAGNKLPLA']","[103, 104, 106]"
112,A,0.013482125476002693,3,"['LKTGAGNKLPLADVR', 'VWFLKTGAGNKLPLA', 'WFLKTGAGNKLPLAD']","[104, 105, 107]"
113,G,0.00791357085108757,2,"['FLKTGAGNKLPLADV', 'KTGAGNKLPLADVRA']","[106, 108]"
114,N,0.008536542765796185,4,"['FLKTGAGNKLPLADV', 'KTGAGNKLPLADVRA', 'LKTGAGNKLPLADVR', 'WFLKTGAGNKLPLAD']","[105, 106, 107, 108]"
115,K,0.1189931258559227,5,"['AGNKLPLADVRAAML', 'GAGNKLPLADVRAAM', 'LKTGAGNKLPLADVR', 'TGAGNKLPLADVRAA', 'WFLKTGAGNKLPLAD']","[105, 107, 109, 110, 111]"
116,L,0.1189931258559227,4,"['AGNKLPLADVRAAML', 'GAGNKLPLADVRAAM', 'KTGAGNKLPLADVRA', 'TGAGNKLPLADVRAA']","[108, 109, 110, 111]"
117,P,0.17253518104553223,2,"['GNKLPLADVRAAMLL', 'NKLPLADVRAAMLLR']","[112, 113]"
118,L,0.17253518104553223,6,"['AGNKLPLADVRAAML', 'GAGNKLPLADVRAAM', 'GNKLPLADVRAAMLL', 'KTGAGNKLPLADVRA', 'NKLPLADVRAAMLLR', 'TGAGNKLPLADVRAA']","[108, 109, 110, 111, 112, 113]"
119,A,0.00239427387714386,1,['KTGAGNKLPLADVRA'],[108]
120,D,0.17253518104553223,6,"['AGNKLPLADVRAAML', 'GAGNKLPLADVRAAM', 'GNKLPLADVRAAMLL', 'KLPLADVRAAMLLRA', 'NKLPLADVRAAMLLR', 'TGAGNKLPLADVRAA']","[109, 110, 111, 112, 113, 114]"
121,V,0.20646294951438904,8,"['AGNKLPLADVRAAML', 'DVRAAMLLRANSHMR', 'GAGNKLPLADVRAAM', 'KLPLADVRAAMLLRA', 'LADVRAAMLLRANSH', 'LPLADVRAAMLLRAN', 'PLADVRAAMLLRANS', 'TGAGNKLPLADVRAA']","[109, 110, 111, 114, 115, 116, 117, 119]"
122,R,0.20646294951438904,7,"['ADVRAAMLLRANSHM', 'DVRAAMLLRANSHMR', 'GNKLPLADVRAAMLL', 'LADVRAAMLLRANSH', 'LPLADVRAAMLLRAN', 'NKLPLADVRAAMLLR', 'PLADVRAAMLLRANS']","[112, 113, 115, 116, 117, 118, 119]"
123,A,0.17253518104553223,4,"['ADVRAAMLLRANSHM', 'GNKLPLADVRAAMLL', 'KLPLADVRAAMLLRA', 'NKLPLADVRAAMLLR']","[112, 113, 114, 118]"
124,A,0.20646294951438904,4,"['DVRAAMLLRANSHMR', 'LADVRAAMLLRANSH', 'LPLADVRAAMLLRAN', 'PLADVRAAMLLRANS']","[115, 116, 117, 119]"
125,M,0.10793372243642807,2,"['ADVRAAMLLRANSHM', 'KLPLADVRAAMLLRA']","[114, 118]"
126,L,0.20646294951438904,9,"['AAMLLRANSHMRGAS', 'DVRAAMLLRANSHMR', 'KLPLADVRAAMLLRA', 'LADVRAAMLLRANSH', 'LPLADVRAAMLLRAN', 'MLLRANSHMRGASGI', 'PLADVRAAMLLRANS', 'RAAMLLRANSHMRGA', 'VRAAMLLRANSHMRG']","[114, 115, 116, 117, 119, 120, 121, 122, 124]"
127,L,0.20646294951438904,10,"['AAMLLRANSHMRGAS', 'ADVRAAMLLRANSHM', 'DVRAAMLLRANSHMR', 'LADVRAAMLLRANSH', 'LLRANSHMRGASGIR', 'LPLADVRAAMLLRAN', 'MLLRANSHMRGASGI', 'PLADVRAAMLLRANS', 'RAAMLLRANSHMRGA', 'VRAAMLLRANSHMRG']","[115, 116, 117, 118, 119, 120, 121, 122, 124, 125]"
128,R,0.4349689781665802,4,"['ADVRAAMLLRANSHM', 'AMLLRANSHMRGASG', 'LLRANSHMRGASGIR', 'LRANSHMRGASGIRL']","[118, 123, 125, 126]"
129,A,0.4349689781665802,6,"['AAMLLRANSHMRGAS', 'AMLLRANSHMRGASG', 'LRANSHMRGASGIRL', 'MLLRANSHMRGASGI', 'RAAMLLRANSHMRGA', 'VRAAMLLRANSHMRG']","[120, 121, 122, 123, 124, 126]"
130,N,0.08469203859567642,1,['LLRANSHMRGASGIR'],[125]
131,S,0.4349689781665802,6,"['AAMLLRANSHMRGAS', 'AMLLRANSHMRGASG', 'LRANSHMRGASGIRL', 'MLLRANSHMRGASGI', 'RAAMLLRANSHMRGA', 'VRAAMLLRANSHMRG']","[120, 121, 122, 123, 124, 126]"
132,H,0.18802614510059357,5,"['AAMLLRANSHMRGAS', 'LLRANSHMRGASGIR', 'MLLRANSHMRGASGI', 'RAAMLLRANSHMRGA', 'VRAAMLLRANSHMRG']","[120, 121, 122, 124, 125]"
133,M,0.4349689781665802,6,"['AMLLRANSHMRGASG', 'ANSHMRGASGIRLEL', 'LLRANSHMRGASGIR', 'LRANSHMRGASGIRL', 'RANSHMRGASGIRLE', 'SHMRGASGIRLELIK']","[123, 125, 126, 127, 128, 130]"
134,R,0.4349689781665802,7,"['AMLLRANSHMRGASG', 'ANSHMRGASGIRLEL', 'HMRGASGIRLELIKR', 'LRANSHMRGASGIRL', 'NSHMRGASGIRLELI', 'RANSHMRGASGIRLE', 'SHMRGASGIRLELIK']","[123, 126, 127, 128, 129, 130, 131]"
135,G,0.18675389885902405,2,"['HMRGASGIRLELIKR', 'NSHMRGASGIRLELI']","[129, 131]"
136,A,0.2779501974582672,3,"['ANSHMRGASGIRLEL', 'RANSHMRGASGIRLE', 'SHMRGASGIRLELIK']","[127, 128, 130]"
137,S,0.18675389885902405,2,"['HMRGASGIRLELIKR', 'NSHMRGASGIRLELI']","[129, 131]"
138,G,0.2779501974582672,4,"['ANSHMRGASGIRLEL', 'MRGASGIRLELIKRM', 'RANSHMRGASGIRLE', 'SHMRGASGIRLELIK']","[127, 128, 130, 132]"
139,I,0.7370784878730774,7,"['ANSHMRGASGIRLEL', 'HMRGASGIRLELIKR', 'MRGASGIRLELIKRM', 'NSHMRGASGIRLELI', 'RANSHMRGASGIRLE', 'RGASGIRLELIKRME', 'SHMRGASGIRLELIK']","[127, 128, 129, 130, 131, 132, 133]"
140,R,0.7370784878730774,7,"['ASGIRLELIKRMEIF', 'GASGIRLELIKRMEI', 'GIRLELIKRMEIFLN', 'HMRGASGIRLELIKR', 'IRLELIKRMEIFLNA', 'NSHMRGASGIRLELI', 'RGASGIRLELIKRME']","[129, 131, 133, 134, 135, 137, 138]"
141,L,0.4632457494735718,6,"['ASGIRLELIKRMEIF', 'GASGIRLELIKRMEI', 'GIRLELIKRMEIFLN', 'IRLELIKRMEIFLNA', 'MRGASGIRLELIKRM', 'SGIRLELIKRMEIFL']","[132, 134, 135, 136, 137, 138]"
142,E,0.7370784878730774,4,"['LELIKRMEIFLNAGV', 'RGASGIRLELIKRME', 'RLELIKRMEIFLNAG', 'SGIRLELIKRMEIFL']","[133, 136, 139, 140]"
143,L,0.46043407917022705,8,"['ASGIRLELIKRMEIF', 'ELIKRMEIFLNAGVT', 'GASGIRLELIKRMEI', 'GIRLELIKRMEIFLN', 'IRLELIKRMEIFLNA', 'LELIKRMEIFLNAGV', 'MRGASGIRLELIKRM', 'RLELIKRMEIFLNAG']","[132, 134, 135, 137, 138, 139, 140, 141]"
144,I,0.7370784878730774,5,"['ELIKRMEIFLNAGVT', 'LIKRMEIFLNAGVTP', 'MRGASGIRLELIKRM', 'RGASGIRLELIKRME', 'SGIRLELIKRMEIFL']","[132, 133, 136, 141, 142]"
145,K,0.7370784878730774,9,"['ASGIRLELIKRMEIF', 'GASGIRLELIKRMEI', 'GIRLELIKRMEIFLN', 'IKRMEIFLNAGVTPY', 'IRLELIKRMEIFLNA', 'LELIKRMEIFLNAGV', 'LIKRMEIFLNAGVTP', 'RGASGIRLELIKRME', 'RLELIKRMEIFLNAG']","[133, 134, 135, 137, 138, 139, 140, 142, 143]"
146,R,0.4632457494735718,7,"['ASGIRLELIKRMEIF', 'ELIKRMEIFLNAGVT', 'GASGIRLELIKRMEI', 'GIRLELIKRMEIFLN', 'IKRMEIFLNAGVTPY', 'IRLELIKRMEIFLNA', 'SGIRLELIKRMEIFL']","[134, 135, 136, 137, 138, 141, 143]"
147,M,0.4632457494735718,4,"['LELIKRMEIFLNAGV', 'LIKRMEIFLNAGVTP', 'RLELIKRMEIFLNAG', 'SGIRLELIKRMEIFL']","[136, 139, 140, 142]"
148,E,0.013179848901927471,4,"['ELIKRMEIFLNAGVT', 'IKRMEIFLNAGVTPY', 'LELIKRMEIFLNAGV', 'RLELIKRMEIFLNAG']","[139, 140, 141, 143]"
149,I,0.003241039579734206,2,"['ELIKRMEIFLNAGVT', 'LIKRMEIFLNAGVTP']","[141, 142]"
150,F,0.03351874649524689,3,"['IKRMEIFLNAGVTPY', 'KRMEIFLNAGVTPYV', 'LIKRMEIFLNAGVTP']","[142, 143, 144]"
151,L,0.03351874649524689,6,"['EIFLNAGVTPYVYEF', 'FLNAGVTPYVYEFGS', 'IFLNAGVTPYVYEFG', 'IKRMEIFLNAGVTPY', 'KRMEIFLNAGVTPYV', 'RMEIFLNAGVTPYVY']","[143, 144, 145, 147, 148, 149]"
152,N,0.018016137182712555,6,"['EIFLNAGVTPYVYEF', 'FLNAGVTPYVYEFGS', 'IFLNAGVTPYVYEFG', 'LNAGVTPYVYEFGSI', 'MEIFLNAGVTPYVYE', 'RMEIFLNAGVTPYVY']","[145, 146, 147, 148, 149, 150]"
153,A,0.03351874649524689,3,"['KRMEIFLNAGVTPYV', 'LNAGVTPYVYEFGSI', 'MEIFLNAGVTPYVYE']","[144, 146, 150]"
154,G,0.018016137182712555,4,"['EIFLNAGVTPYVYEF', 'FLNAGVTPYVYEFGS', 'IFLNAGVTPYVYEFG', 'RMEIFLNAGVTPYVY']","[145, 147, 148, 149]"
155,V,0.03351874649524689,3,"['KRMEIFLNAGVTPYV', 'LNAGVTPYVYEFGSI', 'MEIFLNAGVTPYVYE']","[144, 146, 150]"
156,T,0.03351874649524689,5,"['EIFLNAGVTPYVYEF', 'FLNAGVTPYVYEFGS', 'IFLNAGVTPYVYEFG', 'KRMEIFLNAGVTPYV', 'RMEIFLNAGVTPYVY']","[144, 145, 147, 148, 149]"
157,P,0.5476796627044678,8,"['AGVTPYVYEFGSIGA', 'EIFLNAGVTPYVYEF', 'FLNAGVTPYVYEFGS', 'IFLNAGVTPYVYEFG', 'LNAGVTPYVYEFGSI', 'MEIFLNAGVTPYVYE', 'NAGVTPYVYEFGSIG', 'RMEIFLNAGVTPYVY']","[145, 146, 147, 148, 149, 150, 151, 152]"
158,Y,0.5476796627044678,4,"['AGVTPYVYEFGSIGA', 'LNAGVTPYVYEFGSI', 'MEIFLNAGVTPYVYE', 'NAGVTPYVYEFGSIG']","[146, 150, 151, 152]"
159,V,0.044220540672540665,3,"['GVTPYVYEFGSIGAS', 'TPYVYEFGSIGASGD', 'VTPYVYEFGSIGASG']","[153, 154, 155]"
160,Y,0.5476796627044678,5,"['AGVTPYVYEFGSIGA', 'GVTPYVYEFGSIGAS', 'NAGVTPYVYEFGSIG', 'TPYVYEFGSIGASGD', 'VTPYVYEFGSIGASG']","[151, 152, 153, 154, 155]"
161,E,0.04990575090050697,4,"['PYVYEFGSIGASGDL', 'VYEFGSIGASGDLVP', 'YEFGSIGASGDLVPL', 'YVYEFGSIGASGDLV']","[156, 157, 158, 159]"
162,F,0.5476796627044678,9,"['AGVTPYVYEFGSIGA', 'GVTPYVYEFGSIGAS', 'NAGVTPYVYEFGSIG', 'PYVYEFGSIGASGDL', 'TPYVYEFGSIGASGD', 'VTPYVYEFGSIGASG', 'VYEFGSIGASGDLVP', 'YEFGSIGASGDLVPL', 'YVYEFGSIGASGDLV']","[151, 152, 153, 154, 155, 156, 157, 158, 159]"
163,G,0.5476796627044678,4,"['AGVTPYVYEFGSIGA', 'EFGSIGASGDLVPLS', 'FGSIGASGDLVPLSY', 'NAGVTPYVYEFGSIG']","[151, 152, 160, 161]"
164,S,0.04990575090050697,9,"['EFGSIGASGDLVPLS', 'FGSIGASGDLVPLSY', 'GVTPYVYEFGSIGAS', 'PYVYEFGSIGASGDL', 'TPYVYEFGSIGASGD', 'VTPYVYEFGSIGASG', 'VYEFGSIGASGDLVP', 'YEFGSIGASGDLVPL', 'YVYEFGSIGASGDLV']","[153, 154, 155, 156, 157, 158, 159, 160, 161]"
165,I,0.044220540672540665,4,"['GSIGASGDLVPLSYI', 'GVTPYVYEFGSIGAS', 'TPYVYEFGSIGASGD', 'VTPYVYEFGSIGASG']","[153, 154, 155, 162]"
166,G,0.04990575090050697,8,"['EFGSIGASGDLVPLS', 'FGSIGASGDLVPLSY', 'GSIGASGDLVPLSYI', 'PYVYEFGSIGASGDL', 'SIGASGDLVPLSYIT', 'VYEFGSIGASGDLVP', 'YEFGSIGASGDLVPL', 'YVYEFGSIGASGDLV']","[156, 157, 158, 159, 160, 161, 162, 163]"
167,A,0.04990575090050697,5,"['PYVYEFGSIGASGDL', 'SIGASGDLVPLSYIT', 'VYEFGSIGASGDLVP', 'YEFGSIGASGDLVPL', 'YVYEFGSIGASGDLV']","[156, 157, 158, 159, 163]"
168,S,0.01979128271341324,3,"['EFGSIGASGDLVPLS', 'FGSIGASGDLVPLSY', 'GSIGASGDLVPLSYI']","[160, 161, 162]"
169,G,0.01979128271341324,3,"['EFGSIGASGDLVPLS', 'FGSIGASGDLVPLSY', 'SIGASGDLVPLSYIT']","[160, 161, 163]"
170,D,0.00924854539334774,2,"['GSIGASGDLVPLSYI', 'IGASGDLVPLSYITG']","[162, 164]"
171,L,0.00924854539334774,6,"['GASGDLVPLSYITGS', 'GDLVPLSYITGSLIG', 'GSIGASGDLVPLSYI', 'IGASGDLVPLSYITG', 'SGDLVPLSYITGSLI', 'SIGASGDLVPLSYIT']","[162, 163, 164, 165, 167, 168]"
172,V,0.0029978742823004723,5,"['ASGDLVPLSYITGSL', 'GASGDLVPLSYITGS', 'GDLVPLSYITGSLIG', 'SGDLVPLSYITGSLI', 'SIGASGDLVPLSYIT']","[163, 165, 166, 167, 168]"
173,P,0.1465032994747162,5,"['ASGDLVPLSYITGSL', 'DLVPLSYITGSLIGL', 'IGASGDLVPLSYITG', 'LVPLSYITGSLIGLD', 'VPLSYITGSLIGLDP']","[164, 166, 169, 170, 171]"
174,L,0.1465032994747162,6,"['DLVPLSYITGSLIGL', 'GASGDLVPLSYITGS', 'GDLVPLSYITGSLIG', 'LVPLSYITGSLIGLD', 'SGDLVPLSYITGSLI', 'VPLSYITGSLIGLDP']","[165, 167, 168, 169, 170, 171]"
175,S,0.042427998036146164,3,"['ASGDLVPLSYITGSL', 'IGASGDLVPLSYITG', 'PLSYITGSLIGLDPS']","[164, 166, 172]"
176,Y,0.1465032994747162,9,"['DLVPLSYITGSLIGL', 'GASGDLVPLSYITGS', 'GDLVPLSYITGSLIG', 'IGASGDLVPLSYITG', 'LSYITGSLIGLDPSF', 'LVPLSYITGSLIGLD', 'PLSYITGSLIGLDPS', 'SGDLVPLSYITGSLI', 'VPLSYITGSLIGLDP']","[164, 165, 167, 168, 169, 170, 171, 172, 173]"
177,I,0.05637733265757561,5,"['ASGDLVPLSYITGSL', 'GASGDLVPLSYITGS', 'GDLVPLSYITGSLIG', 'LSYITGSLIGLDPSF', 'SGDLVPLSYITGSLI']","[165, 166, 167, 168, 173]"
178,T,0.1465032994747162,5,"['ASGDLVPLSYITGSL', 'DLVPLSYITGSLIGL', 'LVPLSYITGSLIGLD', 'PLSYITGSLIGLDPS', 'VPLSYITGSLIGLDP']","[166, 169, 170, 171, 172]"
179,G,0.1465032994747162,4,"['DLVPLSYITGSLIGL', 'LSYITGSLIGLDPSF', 'LVPLSYITGSLIGLD', 'VPLSYITGSLIGLDP']","[169, 170, 171, 173]"
180,S,0.042427998036146164,2,"['PLSYITGSLIGLDPS', 'SYITGSLIGLDPSFK']","[172, 174]"
181,L,0.8082323670387268,6,"['ITGSLIGLDPSFKVD', 'LSYITGSLIGLDPSF', 'PLSYITGSLIGLDPS', 'SLIGLDPSFKVDFNG', 'SYITGSLIGLDPSFK', 'YITGSLIGLDPSFKV']","[172, 173, 174, 175, 176, 179]"
182,I,0.8082323670387268,5,"['ITGSLIGLDPSFKVD', 'LIGLDPSFKVDFNGK', 'LSYITGSLIGLDPSF', 'SLIGLDPSFKVDFNG', 'YITGSLIGLDPSFKV']","[173, 175, 176, 179, 180]"
183,G,0.6271860003471375,5,"['GSLIGLDPSFKVDFN', 'IGLDPSFKVDFNGKE', 'LIGLDPSFKVDFNGK', 'SYITGSLIGLDPSFK', 'TGSLIGLDPSFKVDF']","[174, 177, 178, 180, 181]"
184,L,0.8082323670387268,6,"['GSLIGLDPSFKVDFN', 'IGLDPSFKVDFNGKE', 'ITGSLIGLDPSFKVD', 'SLIGLDPSFKVDFNG', 'TGSLIGLDPSFKVDF', 'YITGSLIGLDPSFKV']","[175, 176, 177, 178, 179, 181]"
185,D,0.6271860003471375,2,"['LIGLDPSFKVDFNGK', 'SYITGSLIGLDPSFK']","[174, 180]"
186,P,0.8082323670387268,7,"['GSLIGLDPSFKVDFN', 'IGLDPSFKVDFNGKE', 'ITGSLIGLDPSFKVD', 'SLIGLDPSFKVDFNG', 'SYITGSLIGLDPSFK', 'TGSLIGLDPSFKVDF', 'YITGSLIGLDPSFKV']","[174, 175, 176, 177, 178, 179, 181]"
187,S,0.8082323670387268,7,"['DPSFKVDFNGKEMDA', 'ITGSLIGLDPSFKVD', 'LDPSFKVDFNGKEMD', 'LIGLDPSFKVDFNGK', 'PSFKVDFNGKEMDAP', 'SLIGLDPSFKVDFNG', 'YITGSLIGLDPSFKV']","[175, 176, 179, 180, 183, 184, 185]"
188,F,0.6271860003471375,8,"['DPSFKVDFNGKEMDA', 'GLDPSFKVDFNGKEM', 'GSLIGLDPSFKVDFN', 'IGLDPSFKVDFNGKE', 'LDPSFKVDFNGKEMD', 'LIGLDPSFKVDFNGK', 'PSFKVDFNGKEMDAP', 'TGSLIGLDPSFKVDF']","[177, 178, 180, 181, 182, 183, 184, 185]"
189,K,0.46243664622306824,6,"['FKVDFNGKEMDAPTA', 'GLDPSFKVDFNGKEM', 'GSLIGLDPSFKVDFN', 'IGLDPSFKVDFNGKE', 'SFKVDFNGKEMDAPT', 'TGSLIGLDPSFKVDF']","[177, 178, 181, 182, 186, 187]"
190,V,0.015936514362692833,5,"['DPSFKVDFNGKEMDA', 'FKVDFNGKEMDAPTA', 'LDPSFKVDFNGKEMD', 'PSFKVDFNGKEMDAP', 'SFKVDFNGKEMDAPT']","[183, 184, 185, 186, 187]"
191,D,0.011125228367745876,3,"['GLDPSFKVDFNGKEM', 'KVDFNGKEMDAPTAL', 'VDFNGKEMDAPTALR']","[182, 188, 189]"
192,F,0.015936514362692833,7,"['DPSFKVDFNGKEMDA', 'FKVDFNGKEMDAPTA', 'KVDFNGKEMDAPTAL', 'LDPSFKVDFNGKEMD', 'PSFKVDFNGKEMDAP', 'SFKVDFNGKEMDAPT', 'VDFNGKEMDAPTALR']","[183, 184, 185, 186, 187, 188, 189]"
193,N,0.010015456937253475,4,"['DPSFKVDFNGKEMDA', 'GLDPSFKVDFNGKEM', 'LDPSFKVDFNGKEMD', 'PSFKVDFNGKEMDAP']","[182, 183, 184, 185]"
194,G,0.015936514362692833,5,"['FKVDFNGKEMDAPTA', 'GLDPSFKVDFNGKEM', 'KVDFNGKEMDAPTAL', 'SFKVDFNGKEMDAPT', 'VDFNGKEMDAPTALR']","[182, 186, 187, 188, 189]"
195,K,0.015936514362692833,2,"['FKVDFNGKEMDAPTA', 'SFKVDFNGKEMDAPT']","[186, 187]"
196,E,0.026364848017692566,4,"['DFNGKEMDAPTALRQ', 'KVDFNGKEMDAPTAL', 'NGKEMDAPTALRQLN', 'VDFNGKEMDAPTALR']","[188, 189, 190, 192]"
197,M,0.026364848017692566,5,"['DFNGKEMDAPTALRQ', 'FNGKEMDAPTALRQL', 'KVDFNGKEMDAPTAL', 'NGKEMDAPTALRQLN', 'VDFNGKEMDAPTALR']","[188, 189, 190, 191, 192]"
198,D,0.009393686428666115,4,"['EMDAPTALRQLNLSP', 'FNGKEMDAPTALRQL', 'GKEMDAPTALRQLNL', 'KEMDAPTALRQLNLS']","[191, 193, 194, 195]"
199,A,0.026364848017692566,5,"['DFNGKEMDAPTALRQ', 'EMDAPTALRQLNLSP', 'GKEMDAPTALRQLNL', 'KEMDAPTALRQLNLS', 'NGKEMDAPTALRQLN']","[190, 192, 193, 194, 195]"
200,P,0.009393686428666115,1,['FNGKEMDAPTALRQL'],[191]
201,T,0.026364848017692566,5,"['DFNGKEMDAPTALRQ', 'EMDAPTALRQLNLSP', 'GKEMDAPTALRQLNL', 'KEMDAPTALRQLNLS', 'NGKEMDAPTALRQLN']","[190, 192, 193, 194, 195]"
202,A,0.026364848017692566,6,"['APTALRQLNLSPLTL', 'DAPTALRQLNLSPLT', 'DFNGKEMDAPTALRQ', 'FNGKEMDAPTALRQL', 'MDAPTALRQLNLSPL', 'NGKEMDAPTALRQLN']","[190, 191, 192, 196, 197, 198]"
203,L,0.009393686428666115,7,"['APTALRQLNLSPLTL', 'DAPTALRQLNLSPLT', 'EMDAPTALRQLNLSP', 'FNGKEMDAPTALRQL', 'GKEMDAPTALRQLNL', 'KEMDAPTALRQLNLS', 'MDAPTALRQLNLSPL']","[191, 193, 194, 195, 196, 197, 198]"
204,R,0.0035310389939695597,3,"['EMDAPTALRQLNLSP', 'GKEMDAPTALRQLNL', 'KEMDAPTALRQLNLS']","[193, 194, 195]"
205,Q,0.1612280011177063,5,"['ALRQLNLSPLTLLPK', 'APTALRQLNLSPLTL', 'DAPTALRQLNLSPLT', 'MDAPTALRQLNLSPL', 'PTALRQLNLSPLTLL']","[196, 197, 198, 199, 201]"
206,L,0.16548332571983337,4,"['ALRQLNLSPLTLLPK', 'PTALRQLNLSPLTLL', 'QLNLSPLTLLPKEGL', 'TALRQLNLSPLTLLP']","[199, 200, 201, 204]"
207,N,0.16548332571983337,8,"['APTALRQLNLSPLTL', 'DAPTALRQLNLSPLT', 'LNLSPLTLLPKEGLA', 'LRQLNLSPLTLLPKE', 'MDAPTALRQLNLSPL', 'QLNLSPLTLLPKEGL', 'RQLNLSPLTLLPKEG', 'TALRQLNLSPLTLLP']","[196, 197, 198, 200, 202, 203, 204, 205]"
208,L,0.1612280011177063,8,"['ALRQLNLSPLTLLPK', 'APTALRQLNLSPLTL', 'DAPTALRQLNLSPLT', 'LNLSPLTLLPKEGLA', 'LRQLNLSPLTLLPKE', 'MDAPTALRQLNLSPL', 'PTALRQLNLSPLTLL', 'RQLNLSPLTLLPKEG']","[196, 197, 198, 199, 201, 202, 203, 205]"
209,S,0.16548332571983337,2,"['QLNLSPLTLLPKEGL', 'TALRQLNLSPLTLLP']","[200, 204]"
210,P,0.1612280011177063,7,"['ALRQLNLSPLTLLPK', 'LNLSPLTLLPKEGLA', 'LRQLNLSPLTLLPKE', 'NLSPLTLLPKEGLAM', 'PTALRQLNLSPLTLL', 'RQLNLSPLTLLPKEG', 'SPLTLLPKEGLAMMN']","[199, 201, 202, 203, 205, 206, 208]"
211,L,0.16548332571983337,7,"['ALRQLNLSPLTLLPK', 'NLSPLTLLPKEGLAM', 'PLTLLPKEGLAMMNG', 'PTALRQLNLSPLTLL', 'QLNLSPLTLLPKEGL', 'SPLTLLPKEGLAMMN', 'TALRQLNLSPLTLLP']","[199, 200, 201, 204, 206, 208, 209]"
212,T,0.16548332571983337,8,"['LNLSPLTLLPKEGLA', 'LRQLNLSPLTLLPKE', 'LSPLTLLPKEGLAMM', 'LTLLPKEGLAMMNGT', 'PLTLLPKEGLAMMNG', 'QLNLSPLTLLPKEGL', 'RQLNLSPLTLLPKEG', 'TALRQLNLSPLTLLP']","[200, 202, 203, 204, 205, 207, 209, 210]"
213,L,0.07397359609603882,8,"['LNLSPLTLLPKEGLA', 'LRQLNLSPLTLLPKE', 'LSPLTLLPKEGLAMM', 'LTLLPKEGLAMMNGT', 'NLSPLTLLPKEGLAM', 'RQLNLSPLTLLPKEG', 'SPLTLLPKEGLAMMN', 'TLLPKEGLAMMNGTS']","[202, 203, 205, 206, 207, 208, 210, 211]"
214,L,0.010807361453771591,2,"['PLTLLPKEGLAMMNG', 'TLLPKEGLAMMNGTS']","[209, 211]"
215,P,0.03193141520023346,4,"['LSPLTLLPKEGLAMM', 'LTLLPKEGLAMMNGT', 'NLSPLTLLPKEGLAM', 'SPLTLLPKEGLAMMN']","[206, 207, 208, 210]"
216,K,0.012265283614397049,4,"['NLSPLTLLPKEGLAM', 'PLTLLPKEGLAMMNG', 'SPLTLLPKEGLAMMN', 'TLLPKEGLAMMNGTS']","[206, 208, 209, 211]"
217,E,0.03193141520023346,3,"['LSPLTLLPKEGLAMM', 'LTLLPKEGLAMMNGT', 'PLTLLPKEGLAMMNG']","[207, 209, 210]"
218,G,0.20365294814109802,4,"['LLPKEGLAMMNGTSV', 'LSPLTLLPKEGLAMM', 'LTLLPKEGLAMMNGT', 'TLLPKEGLAMMNGTS']","[207, 210, 211, 212]"
219,L,0.5046595931053162,3,"['LLPKEGLAMMNGTSV', 'LPKEGLAMMNGTSVM', 'TLLPKEGLAMMNGTS']","[211, 212, 213]"
220,A,0.5046595931053162,2,"['LPKEGLAMMNGTSVM', 'PKEGLAMMNGTSVMT']","[213, 214]"
221,M,0.20365294814109802,5,"['AMMNGTSVMTGIAAN', 'GLAMMNGTSVMTGIA', 'KEGLAMMNGTSVMTG', 'LLPKEGLAMMNGTSV', 'PKEGLAMMNGTSVMT']","[212, 214, 215, 217, 219]"
222,M,0.5046595931053162,5,"['AMMNGTSVMTGIAAN', 'EGLAMMNGTSVMTGI', 'GLAMMNGTSVMTGIA', 'KEGLAMMNGTSVMTG', 'LPKEGLAMMNGTSVM']","[213, 215, 216, 217, 219]"
223,N,0.20365294814109802,6,"['EGLAMMNGTSVMTGI', 'LAMMNGTSVMTGIAA', 'LLPKEGLAMMNGTSV', 'MMNGTSVMTGIAANC', 'MNGTSVMTGIAANCV', 'PKEGLAMMNGTSVMT']","[212, 214, 216, 218, 220, 221]"
224,G,0.5046595931053162,8,"['AMMNGTSVMTGIAAN', 'GLAMMNGTSVMTGIA', 'KEGLAMMNGTSVMTG', 'LAMMNGTSVMTGIAA', 'LLPKEGLAMMNGTSV', 'LPKEGLAMMNGTSVM', 'MMNGTSVMTGIAANC', 'MNGTSVMTGIAANCV']","[212, 213, 215, 217, 218, 219, 220, 221]"
225,T,0.5046595931053162,3,"['EGLAMMNGTSVMTGI', 'LPKEGLAMMNGTSVM', 'PKEGLAMMNGTSVMT']","[213, 214, 216]"
226,S,0.04094799607992172,7,"['AMMNGTSVMTGIAAN', 'GLAMMNGTSVMTGIA', 'KEGLAMMNGTSVMTG', 'LAMMNGTSVMTGIAA', 'MMNGTSVMTGIAANC', 'MNGTSVMTGIAANCV', 'PKEGLAMMNGTSVMT']","[214, 215, 217, 218, 219, 220, 221]"
227,V,0.014782643876969814,5,"['AMMNGTSVMTGIAAN', 'EGLAMMNGTSVMTGI', 'GLAMMNGTSVMTGIA', 'KEGLAMMNGTSVMTG', 'NGTSVMTGIAANCVY']","[215, 216, 217, 219, 222]"
228,M,0.0356539748609066,9,"['EGLAMMNGTSVMTGI', 'GTSVMTGIAANCVYD', 'LAMMNGTSVMTGIAA', 'MMNGTSVMTGIAANC', 'MNGTSVMTGIAANCV', 'NGTSVMTGIAANCVY', 'SVMTGIAANCVYDTQ', 'TSVMTGIAANCVYDT', 'VMTGIAANCVYDTQI']","[216, 218, 220, 221, 222, 223, 224, 225, 226]"
229,T,0.0391172394156456,8,"['GTSVMTGIAANCVYD', 'LAMMNGTSVMTGIAA', 'MMNGTSVMTGIAANC', 'MNGTSVMTGIAANCV', 'MTGIAANCVYDTQIL', 'SVMTGIAANCVYDTQ', 'TSVMTGIAANCVYDT', 'VMTGIAANCVYDTQI']","[218, 220, 221, 223, 224, 225, 226, 227]"
230,G,0.0391172394156456,2,"['MTGIAANCVYDTQIL', 'NGTSVMTGIAANCVY']","[222, 227]"
231,I,0.0356539748609066,4,"['GTSVMTGIAANCVYD', 'SVMTGIAANCVYDTQ', 'TSVMTGIAANCVYDT', 'VMTGIAANCVYDTQI']","[223, 224, 225, 226]"
232,A,0.0391172394156456,2,"['MTGIAANCVYDTQIL', 'NGTSVMTGIAANCVY']","[222, 227]"
233,A,0.0356539748609066,5,"['GTSVMTGIAANCVYD', 'NGTSVMTGIAANCVY', 'SVMTGIAANCVYDTQ', 'TSVMTGIAANCVYDT', 'VMTGIAANCVYDTQI']","[222, 223, 224, 225, 226]"
234,N,0.0391172394156456,8,"['ANCVYDTQILTAIAM', 'GIAANCVYDTQILTA', 'GTSVMTGIAANCVYD', 'MTGIAANCVYDTQIL', 'SVMTGIAANCVYDTQ', 'TGIAANCVYDTQILT', 'TSVMTGIAANCVYDT', 'VMTGIAANCVYDTQI']","[223, 224, 225, 226, 227, 228, 229, 232]"
235,C,0.0398428812623024,7,"['AANCVYDTQILTAIA', 'ANCVYDTQILTAIAM', 'GIAANCVYDTQILTA', 'IAANCVYDTQILTAI', 'MTGIAANCVYDTQIL', 'NCVYDTQILTAIAMG', 'TGIAANCVYDTQILT']","[227, 228, 229, 230, 231, 232, 233]"
236,V,0.0398428812623024,4,"['AANCVYDTQILTAIA', 'CVYDTQILTAIAMGV', 'IAANCVYDTQILTAI', 'NCVYDTQILTAIAMG']","[230, 231, 233, 234]"
237,Y,0.017415227368474007,4,"['ANCVYDTQILTAIAM', 'CVYDTQILTAIAMGV', 'GIAANCVYDTQILTA', 'TGIAANCVYDTQILT']","[228, 229, 232, 234]"
238,D,0.0398428812623024,3,"['AANCVYDTQILTAIA', 'IAANCVYDTQILTAI', 'NCVYDTQILTAIAMG']","[230, 231, 233]"
239,T,0.017415227368474007,4,"['ANCVYDTQILTAIAM', 'CVYDTQILTAIAMGV', 'GIAANCVYDTQILTA', 'TGIAANCVYDTQILT']","[228, 229, 232, 234]"
240,Q,0.10888201743364334,7,"['AANCVYDTQILTAIA', 'ANCVYDTQILTAIAM', 'GIAANCVYDTQILTA', 'IAANCVYDTQILTAI', 'NCVYDTQILTAIAMG', 'TGIAANCVYDTQILT', 'TQILTAIAMGVHALD']","[228, 229, 230, 231, 232, 233, 238]"
241,I,0.10888201743364334,7,"['AANCVYDTQILTAIA', 'CVYDTQILTAIAMGV', 'IAANCVYDTQILTAI', 'NCVYDTQILTAIAMG', 'QILTAIAMGVHALDI', 'TQILTAIAMGVHALD', 'VYDTQILTAIAMGVH']","[230, 231, 233, 234, 235, 238, 239]"
242,L,0.03787356987595558,6,"['CVYDTQILTAIAMGV', 'DTQILTAIAMGVHAL', 'ILTAIAMGVHALDIQ', 'QILTAIAMGVHALDI', 'VYDTQILTAIAMGVH', 'YDTQILTAIAMGVHA']","[234, 235, 236, 237, 239, 240]"
243,T,0.10888201743364334,4,"['DTQILTAIAMGVHAL', 'ILTAIAMGVHALDIQ', 'TQILTAIAMGVHALD', 'YDTQILTAIAMGVHA']","[236, 237, 238, 240]"
244,A,0.016803883016109467,3,"['LTAIAMGVHALDIQA', 'QILTAIAMGVHALDI', 'VYDTQILTAIAMGVH']","[235, 239, 241]"
245,I,0.10888201743364334,5,"['DTQILTAIAMGVHAL', 'ILTAIAMGVHALDIQ', 'LTAIAMGVHALDIQA', 'TQILTAIAMGVHALD', 'YDTQILTAIAMGVHA']","[236, 237, 238, 240, 241]"
246,A,0.10888201743364334,3,"['QILTAIAMGVHALDI', 'TQILTAIAMGVHALD', 'VYDTQILTAIAMGVH']","[235, 238, 239]"
247,M,0.03787356987595558,6,"['DTQILTAIAMGVHAL', 'ILTAIAMGVHALDIQ', 'LTAIAMGVHALDIQA', 'QILTAIAMGVHALDI', 'VYDTQILTAIAMGVH', 'YDTQILTAIAMGVHA']","[235, 236, 237, 239, 240, 241]"
248,G,0.03787356987595558,7,"['AIAMGVHALDIQALN', 'DTQILTAIAMGVHAL', 'IAMGVHALDIQALNG', 'ILTAIAMGVHALDIQ', 'MGVHALDIQALNGTN', 'TAIAMGVHALDIQAL', 'YDTQILTAIAMGVHA']","[236, 237, 240, 242, 243, 244, 246]"
249,V,0.025814693421125412,7,"['AIAMGVHALDIQALN', 'AMGVHALDIQALNGT', 'GVHALDIQALNGTNQ', 'IAMGVHALDIQALNG', 'LTAIAMGVHALDIQA', 'MGVHALDIQALNGTN', 'TAIAMGVHALDIQAL']","[241, 242, 243, 244, 245, 246, 247]"
250,H,0.0270634014159441,4,"['AMGVHALDIQALNGT', 'GVHALDIQALNGTNQ', 'LTAIAMGVHALDIQA', 'VHALDIQALNGTNQS']","[241, 245, 247, 248]"
251,A,0.0270634014159441,5,"['AIAMGVHALDIQALN', 'IAMGVHALDIQALNG', 'MGVHALDIQALNGTN', 'TAIAMGVHALDIQAL', 'VHALDIQALNGTNQS']","[242, 243, 244, 246, 248]"
252,L,0.025814693421125412,2,"['AMGVHALDIQALNGT', 'GVHALDIQALNGTNQ']","[245, 247]"
253,D,0.0270634014159441,7,"['AIAMGVHALDIQALN', 'ALDIQALNGTNQSFH', 'HALDIQALNGTNQSF', 'IAMGVHALDIQALNG', 'MGVHALDIQALNGTN', 'TAIAMGVHALDIQAL', 'VHALDIQALNGTNQS']","[242, 243, 244, 246, 248, 249, 250]"
254,I,0.025814693421125412,8,"['AIAMGVHALDIQALN', 'ALDIQALNGTNQSFH', 'AMGVHALDIQALNGT', 'GVHALDIQALNGTNQ', 'HALDIQALNGTNQSF', 'IAMGVHALDIQALNG', 'MGVHALDIQALNGTN', 'TAIAMGVHALDIQAL']","[242, 243, 244, 245, 246, 247, 249, 250]"
255,Q,0.0270634014159441,6,"['AMGVHALDIQALNGT', 'DIQALNGTNQSFHPF', 'GVHALDIQALNGTNQ', 'IQALNGTNQSFHPFI', 'LDIQALNGTNQSFHP', 'VHALDIQALNGTNQS']","[245, 247, 248, 251, 252, 253]"
256,A,0.0270634014159441,6,"['ALDIQALNGTNQSFH', 'DIQALNGTNQSFHPF', 'HALDIQALNGTNQSF', 'IQALNGTNQSFHPFI', 'LDIQALNGTNQSFHP', 'VHALDIQALNGTNQS']","[248, 249, 250, 251, 252, 253]"
257,L,0.0021277181804180145,1,['QALNGTNQSFHPFIH'],[254]
258,N,0.013759535737335682,8,"['ALDIQALNGTNQSFH', 'ALNGTNQSFHPFIHN', 'DIQALNGTNQSFHPF', 'HALDIQALNGTNQSF', 'IQALNGTNQSFHPFI', 'LDIQALNGTNQSFHP', 'LNGTNQSFHPFIHNS', 'QALNGTNQSFHPFIH']","[249, 250, 251, 252, 253, 254, 255, 256]"
259,G,0.013759535737335682,4,"['ALDIQALNGTNQSFH', 'ALNGTNQSFHPFIHN', 'HALDIQALNGTNQSF', 'LNGTNQSFHPFIHNS']","[249, 250, 255, 256]"
260,T,0.008444445207715034,4,"['DIQALNGTNQSFHPF', 'IQALNGTNQSFHPFI', 'LDIQALNGTNQSFHP', 'QALNGTNQSFHPFIH']","[251, 252, 253, 254]"
261,N,0.008444445207715034,5,"['ALNGTNQSFHPFIHN', 'DIQALNGTNQSFHPF', 'IQALNGTNQSFHPFI', 'LDIQALNGTNQSFHP', 'LNGTNQSFHPFIHNS']","[251, 252, 253, 255, 256]"
262,Q,0.0021277181804180145,1,['QALNGTNQSFHPFIH'],[254]
263,S,0.00348501349799335,5,"['ALNGTNQSFHPFIHN', 'LNGTNQSFHPFIHNS', 'NGTNQSFHPFIHNSK', 'QALNGTNQSFHPFIH', 'TNQSFHPFIHNSKPH']","[254, 255, 256, 257, 259]"
264,F,0.00348501349799335,5,"['ALNGTNQSFHPFIHN', 'GTNQSFHPFIHNSKP', 'LNGTNQSFHPFIHNS', 'NGTNQSFHPFIHNSK', 'TNQSFHPFIHNSKPH']","[255, 256, 257, 258, 259]"
265,H,0.003408775432035327,1,['GTNQSFHPFIHNSKP'],[258]
266,P,0.14764589071273804,4,"['NGTNQSFHPFIHNSK', 'NQSFHPFIHNSKPHP', 'QSFHPFIHNSKPHPG', 'TNQSFHPFIHNSKPH']","[257, 259, 260, 261]"
267,F,0.14764589071273804,3,"['GTNQSFHPFIHNSKP', 'NQSFHPFIHNSKPHP', 'QSFHPFIHNSKPHPG']","[258, 260, 261]"
268,I,0.24974188208580017,7,"['FHPFIHNSKPHPGQL', 'FIHNSKPHPGQLWAA', 'HPFIHNSKPHPGQLW', 'NGTNQSFHPFIHNSK', 'PFIHNSKPHPGQLWA', 'SFHPFIHNSKPHPGQ', 'TNQSFHPFIHNSKPH']","[257, 259, 262, 263, 264, 265, 266]"
269,H,0.24974188208580017,11,"['FHPFIHNSKPHPGQL', 'FIHNSKPHPGQLWAA', 'GTNQSFHPFIHNSKP', 'HPFIHNSKPHPGQLW', 'IHNSKPHPGQLWAAD', 'NGTNQSFHPFIHNSK', 'NQSFHPFIHNSKPHP', 'PFIHNSKPHPGQLWA', 'QSFHPFIHNSKPHPG', 'SFHPFIHNSKPHPGQ', 'TNQSFHPFIHNSKPH']","[257, 258, 259, 260, 261, 262, 263, 264, 265, 266, 267]"
270,N,0.004605790600180626,3,"['GTNQSFHPFIHNSKP', 'HNSKPHPGQLWAADQ', 'IHNSKPHPGQLWAAD']","[258, 267, 268]"
271,S,0.24974188208580017,8,"['FHPFIHNSKPHPGQL', 'FIHNSKPHPGQLWAA', 'HNSKPHPGQLWAADQ', 'HPFIHNSKPHPGQLW', 'NQSFHPFIHNSKPHP', 'PFIHNSKPHPGQLWA', 'QSFHPFIHNSKPHPG', 'SFHPFIHNSKPHPGQ']","[260, 261, 262, 263, 264, 265, 266, 268]"
272,K,0.14764589071273804,4,"['IHNSKPHPGQLWAAD', 'NQSFHPFIHNSKPHP', 'QSFHPFIHNSKPHPG', 'SKPHPGQLWAADQMI']","[260, 261, 267, 270]"
273,P,0.24974188208580017,7,"['FHPFIHNSKPHPGQL', 'FIHNSKPHPGQLWAA', 'HNSKPHPGQLWAADQ', 'HPFIHNSKPHPGQLW', 'PFIHNSKPHPGQLWA', 'SFHPFIHNSKPHPGQ', 'SKPHPGQLWAADQMI']","[262, 263, 264, 265, 266, 268, 270]"
274,H,0.24974188208580017,6,"['FHPFIHNSKPHPGQL', 'FIHNSKPHPGQLWAA', 'HPFIHNSKPHPGQLW', 'IHNSKPHPGQLWAAD', 'PFIHNSKPHPGQLWA', 'SFHPFIHNSKPHPGQ']","[262, 263, 264, 265, 266, 267]"
275,P,0.007044853642582893,4,"['HNSKPHPGQLWAADQ', 'IHNSKPHPGQLWAAD', 'NSKPHPGQLWAADQM', 'SKPHPGQLWAADQMI']","[267, 268, 269, 270]"
276,G,0.001773332478478551,2,"['HNSKPHPGQLWAADQ', 'NSKPHPGQLWAADQM']","[268, 269]"
277,Q,0.16713133454322815,5,"['GQLWAADQMISLLAN', 'HPGQLWAADQMISLL', 'KPHPGQLWAADQMIS', 'PGQLWAADQMISLLA', 'SKPHPGQLWAADQMI']","[270, 271, 273, 274, 275]"
278,L,0.20928728580474854,7,"['GQLWAADQMISLLAN', 'HPGQLWAADQMISLL', 'KPHPGQLWAADQMIS', 'NSKPHPGQLWAADQM', 'PGQLWAADQMISLLA', 'PHPGQLWAADQMISL', 'SKPHPGQLWAADQMI']","[269, 270, 271, 272, 273, 274, 275]"
279,W,0.20928728580474854,3,"['LWAADQMISLLANSQ', 'PHPGQLWAADQMISL', 'QLWAADQMISLLANS']","[272, 276, 277]"
280,A,0.16713133454322815,7,"['GQLWAADQMISLLAN', 'HPGQLWAADQMISLL', 'KPHPGQLWAADQMIS', 'LWAADQMISLLANSQ', 'NSKPHPGQLWAADQM', 'PGQLWAADQMISLLA', 'QLWAADQMISLLANS']","[269, 271, 273, 274, 275, 276, 277]"
281,A,0.20928728580474854,2,"['NSKPHPGQLWAADQM', 'PHPGQLWAADQMISL']","[269, 272]"
282,D,0.16713133454322815,6,"['GQLWAADQMISLLAN', 'HPGQLWAADQMISLL', 'KPHPGQLWAADQMIS', 'LWAADQMISLLANSQ', 'PGQLWAADQMISLLA', 'QLWAADQMISLLANS']","[271, 273, 274, 275, 276, 277]"
283,Q,0.20928728580474854,5,"['GQLWAADQMISLLAN', 'HPGQLWAADQMISLL', 'KPHPGQLWAADQMIS', 'PGQLWAADQMISLLA', 'PHPGQLWAADQMISL']","[271, 272, 273, 274, 275]"
284,M,0.20928728580474854,4,"['LWAADQMISLLANSQ', 'PHPGQLWAADQMISL', 'QLWAADQMISLLANS', 'WAADQMISLLANSQL']","[272, 276, 277, 278]"
285,I,0.037871260195970535,4,"['AADQMISLLANSQLV', 'LWAADQMISLLANSQ', 'QLWAADQMISLLANS', 'WAADQMISLLANSQL']","[276, 277, 278, 279]"
286,S,0.30610617995262146,4,"['AADQMISLLANSQLV', 'ADQMISLLANSQLVR', 'DQMISLLANSQLVRD', 'MISLLANSQLVRDEL']","[279, 280, 281, 283]"
287,L,0.30610617995262146,4,"['ADQMISLLANSQLVR', 'DQMISLLANSQLVRD', 'MISLLANSQLVRDEL', 'WAADQMISLLANSQL']","[278, 280, 281, 283]"
288,L,0.32275456190109253,4,"['AADQMISLLANSQLV', 'ISLLANSQLVRDELD', 'QMISLLANSQLVRDE', 'SLLANSQLVRDELDK']","[279, 282, 284, 285]"
289,A,0.32275456190109253,7,"['ADQMISLLANSQLVR', 'DQMISLLANSQLVRD', 'ISLLANSQLVRDELD', 'MISLLANSQLVRDEL', 'QMISLLANSQLVRDE', 'SLLANSQLVRDELDK', 'WAADQMISLLANSQL']","[278, 280, 281, 282, 283, 284, 285]"
290,N,0.020158566534519196,2,"['AADQMISLLANSQLV', 'WAADQMISLLANSQL']","[278, 279]"
291,S,0.32275456190109253,7,"['AADQMISLLANSQLV', 'ADQMISLLANSQLVR', 'DQMISLLANSQLVRD', 'ISLLANSQLVRDELD', 'MISLLANSQLVRDEL', 'QMISLLANSQLVRDE', 'SLLANSQLVRDELDK']","[279, 280, 281, 282, 283, 284, 285]"
292,Q,0.30610617995262146,4,"['ADQMISLLANSQLVR', 'DQMISLLANSQLVRD', 'LLANSQLVRDELDKH', 'MISLLANSQLVRDEL']","[280, 281, 283, 286]"
293,L,0.32275456190109253,6,"['ANSQLVRDELDKHDY', 'ISLLANSQLVRDELD', 'LANSQLVRDELDKHD', 'LLANSQLVRDELDKH', 'QMISLLANSQLVRDE', 'SLLANSQLVRDELDK']","[282, 284, 285, 286, 287, 288]"
294,V,0.32275456190109253,9,"['ANSQLVRDELDKHDY', 'ISLLANSQLVRDELD', 'LANSQLVRDELDKHD', 'LVRDELDKHDYRDHE', 'NSQLVRDELDKHDYR', 'QLVRDELDKHDYRDH', 'QMISLLANSQLVRDE', 'SLLANSQLVRDELDK', 'SQLVRDELDKHDYRD']","[282, 284, 285, 287, 288, 289, 290, 291, 292]"
295,R,0.13244251906871796,6,"['LLANSQLVRDELDKH', 'LVRDELDKHDYRDHE', 'NSQLVRDELDKHDYR', 'QLVRDELDKHDYRDH', 'SQLVRDELDKHDYRD', 'VRDELDKHDYRDHEL']","[286, 289, 290, 291, 292, 293]"
296,D,0.006229112856090069,3,"['ANSQLVRDELDKHDY', 'LANSQLVRDELDKHD', 'VRDELDKHDYRDHEL']","[287, 288, 293]"
297,E,0.13244251906871796,6,"['LLANSQLVRDELDKH', 'LVRDELDKHDYRDHE', 'NSQLVRDELDKHDYR', 'QLVRDELDKHDYRDH', 'RDELDKHDYRDHELI', 'SQLVRDELDKHDYRD']","[286, 289, 290, 291, 292, 294]"
298,L,0.13244251906871796,5,"['ANSQLVRDELDKHDY', 'LANSQLVRDELDKHD', 'LLANSQLVRDELDKH', 'RDELDKHDYRDHELI', 'VRDELDKHDYRDHEL']","[286, 287, 288, 293, 294]"
299,D,0.006045235786587,7,"['ANSQLVRDELDKHDY', 'DELDKHDYRDHELIQ', 'LANSQLVRDELDKHD', 'LVRDELDKHDYRDHE', 'NSQLVRDELDKHDYR', 'QLVRDELDKHDYRDH', 'SQLVRDELDKHDYRD']","[287, 288, 289, 290, 291, 292, 295]"
300,K,0.006229112856090069,7,"['DELDKHDYRDHELIQ', 'LVRDELDKHDYRDHE', 'NSQLVRDELDKHDYR', 'QLVRDELDKHDYRDH', 'RDELDKHDYRDHELI', 'SQLVRDELDKHDYRD', 'VRDELDKHDYRDHEL']","[289, 290, 291, 292, 293, 294, 295]"
301,H,0.006229112856090069,1,['VRDELDKHDYRDHEL'],[293]
302,D,0.0038377244491130114,6,"['DELDKHDYRDHELIQ', 'DKHDYRDHELIQDRY', 'ELDKHDYRDHELIQD', 'HDYRDHELIQDRYSL', 'LDKHDYRDHELIQDR', 'RDELDKHDYRDHELI']","[294, 295, 296, 297, 298, 300]"
303,Y,0.0031109300907701254,6,"['DKHDYRDHELIQDRY', 'ELDKHDYRDHELIQD', 'HDYRDHELIQDRYSL', 'KHDYRDHELIQDRYS', 'LDKHDYRDHELIQDR', 'RDELDKHDYRDHELI']","[294, 296, 297, 298, 299, 300]"
304,R,0.0038377244491130114,2,"['DELDKHDYRDHELIQ', 'KHDYRDHELIQDRYS']","[295, 299]"
305,D,0.0038377244491130114,5,"['DELDKHDYRDHELIQ', 'DKHDYRDHELIQDRY', 'ELDKHDYRDHELIQD', 'HDYRDHELIQDRYSL', 'LDKHDYRDHELIQDR']","[295, 296, 297, 298, 300]"
306,H,0.00293051078915596,1,['KHDYRDHELIQDRYS'],[299]
307,E,0.0916343554854393,6,"['DHELIQDRYSLRSLP', 'DKHDYRDHELIQDRY', 'DYRDHELIQDRYSLR', 'ELDKHDYRDHELIQD', 'HDYRDHELIQDRYSL', 'LDKHDYRDHELIQDR']","[296, 297, 298, 300, 301, 304]"
308,L,0.22156502306461334,8,"['DHELIQDRYSLRSLP', 'DKHDYRDHELIQDRY', 'DYRDHELIQDRYSLR', 'ELDKHDYRDHELIQD', 'HDYRDHELIQDRYSL', 'KHDYRDHELIQDRYS', 'LDKHDYRDHELIQDR', 'YRDHELIQDRYSLRS']","[296, 297, 298, 299, 300, 301, 302, 304]"
309,I,0.22156502306461334,6,"['ELIQDRYSLRSLPQY', 'HELIQDRYSLRSLPQ', 'KHDYRDHELIQDRYS', 'LIQDRYSLRSLPQYL', 'RDHELIQDRYSLRSL', 'YRDHELIQDRYSLRS']","[299, 302, 303, 305, 306, 307]"
310,Q,0.2150382548570633,6,"['DHELIQDRYSLRSLP', 'DYRDHELIQDRYSLR', 'ELIQDRYSLRSLPQY', 'HELIQDRYSLRSLPQ', 'LIQDRYSLRSLPQYL', 'RDHELIQDRYSLRSL']","[301, 303, 304, 305, 306, 307]"
311,D,0.22156502306461334,1,['YRDHELIQDRYSLRS'],[302]
312,R,0.2150382548570633,6,"['DHELIQDRYSLRSLP', 'DYRDHELIQDRYSLR', 'ELIQDRYSLRSLPQY', 'HELIQDRYSLRSLPQ', 'LIQDRYSLRSLPQYL', 'RDHELIQDRYSLRSL']","[301, 303, 304, 305, 306, 307]"
313,Y,0.22156502306461334,3,"['DHELIQDRYSLRSLP', 'DYRDHELIQDRYSLR', 'YRDHELIQDRYSLRS']","[301, 302, 304]"
314,S,0.22156502306461334,8,"['DRYSLRSLPQYLGPI', 'ELIQDRYSLRSLPQY', 'HELIQDRYSLRSLPQ', 'IQDRYSLRSLPQYLG', 'LIQDRYSLRSLPQYL', 'QDRYSLRSLPQYLGP', 'RDHELIQDRYSLRSL', 'YRDHELIQDRYSLRS']","[302, 303, 305, 306, 307, 308, 309, 310]"
315,L,0.2150382548570633,7,"['DRYSLRSLPQYLGPI', 'ELIQDRYSLRSLPQY', 'HELIQDRYSLRSLPQ', 'IQDRYSLRSLPQYLG', 'LIQDRYSLRSLPQYL', 'QDRYSLRSLPQYLGP', 'RDHELIQDRYSLRSL']","[303, 305, 306, 307, 308, 309, 310]"
316,R,0.20757347345352173,4,"['LRSLPQYLGPIVDGI', 'RYSLRSLPQYLGPIV', 'SLRSLPQYLGPIVDG', 'YSLRSLPQYLGPIVD']","[311, 312, 313, 314]"
317,S,0.20757347345352173,7,"['DRYSLRSLPQYLGPI', 'IQDRYSLRSLPQYLG', 'LRSLPQYLGPIVDGI', 'QDRYSLRSLPQYLGP', 'RYSLRSLPQYLGPIV', 'SLRSLPQYLGPIVDG', 'YSLRSLPQYLGPIVD']","[308, 309, 310, 311, 312, 313, 314]"
318,L,0.0,0,None,None
319,P,0.20757347345352173,7,"['DRYSLRSLPQYLGPI', 'IQDRYSLRSLPQYLG', 'LRSLPQYLGPIVDGI', 'QDRYSLRSLPQYLGP', 'RYSLRSLPQYLGPIV', 'SLRSLPQYLGPIVDG', 'YSLRSLPQYLGPIVD']","[308, 309, 310, 311, 312, 313, 314]"
320,Q,0.04716182500123978,3,"['DRYSLRSLPQYLGPI', 'IQDRYSLRSLPQYLG', 'QDRYSLRSLPQYLGP']","[308, 309, 310]"
321,Y,0.20757347345352173,6,"['LRSLPQYLGPIVDGI', 'RSLPQYLGPIVDGIS', 'RYSLRSLPQYLGPIV', 'SLPQYLGPIVDGISQ', 'SLRSLPQYLGPIVDG', 'YSLRSLPQYLGPIVD']","[311, 312, 313, 314, 315, 316]"
322,L,0.20757347345352173,7,"['LPQYLGPIVDGISQI', 'LRSLPQYLGPIVDGI', 'RSLPQYLGPIVDGIS', 'RYSLRSLPQYLGPIV', 'SLPQYLGPIVDGISQ', 'SLRSLPQYLGPIVDG', 'YSLRSLPQYLGPIVD']","[311, 312, 313, 314, 315, 316, 317]"
323,G,0.1165420189499855,1,['LPQYLGPIVDGISQI'],[317]
324,P,0.044091418385505676,5,"['GPIVDGISQIAKQIE', 'PQYLGPIVDGISQIA', 'RSLPQYLGPIVDGIS', 'SLPQYLGPIVDGISQ', 'YLGPIVDGISQIAKQ']","[315, 316, 318, 320, 322]"
325,I,0.1165420189499855,5,"['GPIVDGISQIAKQIE', 'LPQYLGPIVDGISQI', 'PQYLGPIVDGISQIA', 'QYLGPIVDGISQIAK', 'YLGPIVDGISQIAKQ']","[317, 318, 319, 320, 322]"
326,V,0.06357955187559128,4,"['LGPIVDGISQIAKQI', 'QYLGPIVDGISQIAK', 'RSLPQYLGPIVDGIS', 'SLPQYLGPIVDGISQ']","[315, 316, 319, 321]"
327,D,0.1165420189499855,7,"['GPIVDGISQIAKQIE', 'LGPIVDGISQIAKQI', 'LPQYLGPIVDGISQI', 'PQYLGPIVDGISQIA', 'RSLPQYLGPIVDGIS', 'SLPQYLGPIVDGISQ', 'YLGPIVDGISQIAKQ']","[315, 316, 317, 318, 320, 321, 322]"
328,G,0.1165420189499855,3,"['LPQYLGPIVDGISQI', 'QYLGPIVDGISQIAK', 'VDGISQIAKQIEIEI']","[317, 319, 325]"
329,I,0.06357955187559128,8,"['GISQIAKQIEIEINS', 'GPIVDGISQIAKQIE', 'IVDGISQIAKQIEIE', 'LGPIVDGISQIAKQI', 'PIVDGISQIAKQIEI', 'PQYLGPIVDGISQIA', 'VDGISQIAKQIEIEI', 'YLGPIVDGISQIAKQ']","[318, 320, 321, 322, 323, 324, 325, 327]"
330,S,0.044091418385505676,9,"['DGISQIAKQIEIEIN', 'GISQIAKQIEIEINS', 'GPIVDGISQIAKQIE', 'ISQIAKQIEIEINSV', 'IVDGISQIAKQIEIE', 'PIVDGISQIAKQIEI', 'PQYLGPIVDGISQIA', 'QYLGPIVDGISQIAK', 'YLGPIVDGISQIAKQ']","[318, 319, 320, 322, 323, 324, 326, 327, 328]"
331,Q,0.06357955187559128,5,"['DGISQIAKQIEIEIN', 'ISQIAKQIEIEINSV', 'LGPIVDGISQIAKQI', 'QYLGPIVDGISQIAK', 'VDGISQIAKQIEIEI']","[319, 321, 325, 326, 328]"
332,I,0.07696063071489334,5,"['GISQIAKQIEIEINS', 'IVDGISQIAKQIEIE', 'LGPIVDGISQIAKQI', 'PIVDGISQIAKQIEI', 'QIAKQIEIEINSVTD']","[321, 323, 324, 327, 330]"
333,A,0.1481310874223709,5,"['DGISQIAKQIEIEIN', 'ISQIAKQIEIEINSV', 'QIAKQIEIEINSVTD', 'SQIAKQIEIEINSVT', 'VDGISQIAKQIEIEI']","[325, 326, 328, 329, 330]"
334,K,0.1481310874223709,5,"['GISQIAKQIEIEINS', 'IVDGISQIAKQIEIE', 'PIVDGISQIAKQIEI', 'SQIAKQIEIEINSVT', 'VDGISQIAKQIEIEI']","[323, 324, 325, 327, 329]"
335,Q,0.07696063071489334,6,"['DGISQIAKQIEIEIN', 'GISQIAKQIEIEINS', 'ISQIAKQIEIEINSV', 'IVDGISQIAKQIEIE', 'PIVDGISQIAKQIEI', 'QIAKQIEIEINSVTD']","[323, 324, 326, 327, 328, 330]"
336,I,0.1481310874223709,3,"['DGISQIAKQIEIEIN', 'ISQIAKQIEIEINSV', 'SQIAKQIEIEINSVT']","[326, 328, 329]"
337,E,0.28387564420700073,3,"['AKQIEIEINSVTDNP', 'IAKQIEIEINSVTDN', 'QIAKQIEIEINSVTD']","[330, 331, 332]"
338,I,0.5238252878189087,7,"['AKQIEIEINSVTDNP', 'EIEINSVTDNPLIDV', 'IAKQIEIEINSVTDN', 'IEIEINSVTDNPLID', 'KQIEIEINSVTDNPL', 'QIAKQIEIEINSVTD', 'SQIAKQIEIEINSVT']","[329, 330, 331, 332, 333, 335, 336]"
339,E,0.5238252878189087,6,"['EIEINSVTDNPLIDV', 'IEIEINSVTDNPLID', 'IEINSVTDNPLIDVD', 'KQIEIEINSVTDNPL', 'QIEIEINSVTDNPLI', 'SQIAKQIEIEINSVT']","[329, 333, 334, 335, 336, 337]"
340,I,0.28387564420700073,4,"['AKQIEIEINSVTDNP', 'IAKQIEIEINSVTDN', 'IEINSVTDNPLIDVD', 'QIEIEINSVTDNPLI']","[331, 332, 334, 337]"
341,N,0.5238252878189087,3,"['EIEINSVTDNPLIDV', 'IEIEINSVTDNPLID', 'KQIEIEINSVTDNPL']","[333, 335, 336]"
342,S,0.28387564420700073,6,"['AKQIEIEINSVTDNP', 'IAKQIEIEINSVTDN', 'IEINSVTDNPLIDVD', 'INSVTDNPLIDVDNQ', 'NSVTDNPLIDVDNQA', 'QIEIEINSVTDNPLI']","[331, 332, 334, 337, 339, 340]"
343,V,0.5238252878189087,8,"['AKQIEIEINSVTDNP', 'EIEINSVTDNPLIDV', 'EINSVTDNPLIDVDN', 'IAKQIEIEINSVTDN', 'IEIEINSVTDNPLID', 'INSVTDNPLIDVDNQ', 'KQIEIEINSVTDNPL', 'NSVTDNPLIDVDNQA']","[331, 332, 333, 335, 336, 338, 339, 340]"
344,T,0.5238252878189087,6,"['EIEINSVTDNPLIDV', 'EINSVTDNPLIDVDN', 'IEIEINSVTDNPLID', 'IEINSVTDNPLIDVD', 'KQIEIEINSVTDNPL', 'QIEIEINSVTDNPLI']","[333, 334, 335, 336, 337, 338]"
345,D,0.17797987163066864,4,"['IEINSVTDNPLIDVD', 'INSVTDNPLIDVDNQ', 'NSVTDNPLIDVDNQA', 'QIEIEINSVTDNPLI']","[334, 337, 339, 340]"
346,N,0.0802328810095787,1,['EINSVTDNPLIDVDN'],[338]
347,P,0.08335565775632858,3,"['INSVTDNPLIDVDNQ', 'NSVTDNPLIDVDNQA', 'SVTDNPLIDVDNQAS']","[339, 340, 341]"
348,L,0.8431278467178345,6,"['DNPLIDVDNQASYHG', 'EINSVTDNPLIDVDN', 'INSVTDNPLIDVDNQ', 'NSVTDNPLIDVDNQA', 'SVTDNPLIDVDNQAS', 'VTDNPLIDVDNQASY']","[338, 339, 340, 341, 342, 344]"
349,I,0.8431278467178345,5,"['DNPLIDVDNQASYHG', 'EINSVTDNPLIDVDN', 'NPLIDVDNQASYHGG', 'TDNPLIDVDNQASYH', 'VTDNPLIDVDNQASY']","[338, 342, 343, 344, 345]"
350,D,0.9307693243026733,6,"['IDVDNQASYHGGNFL', 'LIDVDNQASYHGGNF', 'NPLIDVDNQASYHGG', 'PLIDVDNQASYHGGN', 'SVTDNPLIDVDNQAS', 'TDNPLIDVDNQASYH']","[341, 343, 345, 346, 347, 348]"
351,V,0.9307693243026733,5,"['DNPLIDVDNQASYHG', 'IDVDNQASYHGGNFL', 'LIDVDNQASYHGGNF', 'PLIDVDNQASYHGGN', 'VTDNPLIDVDNQASY']","[342, 344, 346, 347, 348]"
352,D,0.738618791103363,5,"['DVDNQASYHGGNFLG', 'NPLIDVDNQASYHGG', 'SVTDNPLIDVDNQAS', 'TDNPLIDVDNQASYH', 'VDNQASYHGGNFLGQ']","[341, 343, 345, 349, 350]"
353,N,0.9307693243026733,8,"['DNPLIDVDNQASYHG', 'DVDNQASYHGGNFLG', 'IDVDNQASYHGGNFL', 'LIDVDNQASYHGGNF', 'PLIDVDNQASYHGGN', 'SVTDNPLIDVDNQAS', 'VDNQASYHGGNFLGQ', 'VTDNPLIDVDNQASY']","[341, 342, 344, 346, 347, 348, 349, 350]"
354,Q,0.8431278467178345,4,"['DNPLIDVDNQASYHG', 'NPLIDVDNQASYHGG', 'TDNPLIDVDNQASYH', 'VTDNPLIDVDNQASY']","[342, 343, 344, 345]"
355,A,0.9307693243026733,7,"['DVDNQASYHGGNFLG', 'IDVDNQASYHGGNFL', 'LIDVDNQASYHGGNF', 'NPLIDVDNQASYHGG', 'PLIDVDNQASYHGGN', 'TDNPLIDVDNQASYH', 'VDNQASYHGGNFLGQ']","[343, 345, 346, 347, 348, 349, 350]"
356,S,0.9307693243026733,5,"['IDVDNQASYHGGNFL', 'LIDVDNQASYHGGNF', 'NQASYHGGNFLGQYV', 'PLIDVDNQASYHGGN', 'QASYHGGNFLGQYVG']","[346, 347, 348, 352, 353]"
357,Y,0.01500876247882843,6,"['ASYHGGNFLGQYVGM', 'DNQASYHGGNFLGQY', 'DVDNQASYHGGNFLG', 'NQASYHGGNFLGQYV', 'QASYHGGNFLGQYVG', 'VDNQASYHGGNFLGQ']","[349, 350, 351, 352, 353, 354]"
358,H,0.01500876247882843,4,"['ASYHGGNFLGQYVGM', 'DNQASYHGGNFLGQY', 'DVDNQASYHGGNFLG', 'VDNQASYHGGNFLGQ']","[349, 350, 351, 354]"
359,G,0.0066847121343016624,2,"['NQASYHGGNFLGQYV', 'QASYHGGNFLGQYVG']","[352, 353]"
360,G,0.01500876247882843,2,"['ASYHGGNFLGQYVGM', 'DNQASYHGGNFLGQY']","[351, 354]"
361,N,0.12733599543571472,3,"['NQASYHGGNFLGQYV', 'QASYHGGNFLGQYVG', 'SYHGGNFLGQYVGMG']","[352, 353, 355]"
362,F,0.1523490697145462,8,"['ASYHGGNFLGQYVGM', 'DNQASYHGGNFLGQY', 'GGNFLGQYVGMGMDH', 'NFLGQYVGMGMDHLR', 'NQASYHGGNFLGQYV', 'QASYHGGNFLGQYVG', 'SYHGGNFLGQYVGMG', 'YHGGNFLGQYVGMGM']","[351, 352, 353, 354, 355, 356, 358, 360]"
363,L,0.1523490697145462,8,"['ASYHGGNFLGQYVGM', 'DNQASYHGGNFLGQY', 'FLGQYVGMGMDHLRY', 'GGNFLGQYVGMGMDH', 'GNFLGQYVGMGMDHL', 'HGGNFLGQYVGMGMD', 'NFLGQYVGMGMDHLR', 'YHGGNFLGQYVGMGM']","[351, 354, 356, 357, 358, 359, 360, 361]"
364,G,0.12733599543571472,4,"['FLGQYVGMGMDHLRY', 'GNFLGQYVGMGMDHL', 'HGGNFLGQYVGMGMD', 'SYHGGNFLGQYVGMG']","[355, 357, 359, 361]"
365,Q,0.1523490697145462,3,"['GGNFLGQYVGMGMDH', 'NFLGQYVGMGMDHLR', 'YHGGNFLGQYVGMGM']","[356, 358, 360]"
366,Y,0.12733599543571472,4,"['FLGQYVGMGMDHLRY', 'GNFLGQYVGMGMDHL', 'HGGNFLGQYVGMGMD', 'SYHGGNFLGQYVGMG']","[355, 357, 359, 361]"
367,V,0.1523490697145462,4,"['GGNFLGQYVGMGMDH', 'NFLGQYVGMGMDHLR', 'SYHGGNFLGQYVGMG', 'YHGGNFLGQYVGMGM']","[355, 356, 358, 360]"
368,G,0.32390400767326355,9,"['FLGQYVGMGMDHLRY', 'GGNFLGQYVGMGMDH', 'GNFLGQYVGMGMDHL', 'HGGNFLGQYVGMGMD', 'LGQYVGMGMDHLRYY', 'NFLGQYVGMGMDHLR', 'VGMGMDHLRYYIGLL', 'YHGGNFLGQYVGMGM', 'YVGMGMDHLRYYIGL']","[356, 357, 358, 359, 360, 361, 362, 365, 366]"
369,M,0.32390400767326355,9,"['FLGQYVGMGMDHLRY', 'GMGMDHLRYYIGLLA', 'GNFLGQYVGMGMDHL', 'GQYVGMGMDHLRYYI', 'HGGNFLGQYVGMGMD', 'LGQYVGMGMDHLRYY', 'QYVGMGMDHLRYYIG', 'VGMGMDHLRYYIGLL', 'YVGMGMDHLRYYIGL']","[357, 359, 361, 362, 363, 364, 365, 366, 367]"
370,G,0.2743285596370697,4,"['GMGMDHLRYYIGLLA', 'GQYVGMGMDHLRYYI', 'MGMDHLRYYIGLLAK', 'QYVGMGMDHLRYYIG']","[363, 364, 367, 368]"
371,M,0.32390400767326355,4,"['LGQYVGMGMDHLRYY', 'MGMDHLRYYIGLLAK', 'VGMGMDHLRYYIGLL', 'YVGMGMDHLRYYIGL']","[362, 365, 366, 368]"
372,D,0.2743285596370697,3,"['GMGMDHLRYYIGLLA', 'GQYVGMGMDHLRYYI', 'QYVGMGMDHLRYYIG']","[363, 364, 367]"
373,H,0.32390400767326355,4,"['LGQYVGMGMDHLRYY', 'MGMDHLRYYIGLLAK', 'VGMGMDHLRYYIGLL', 'YVGMGMDHLRYYIGL']","[362, 365, 366, 368]"
374,L,0.32390400767326355,6,"['GMGMDHLRYYIGLLA', 'GQYVGMGMDHLRYYI', 'LGQYVGMGMDHLRYY', 'QYVGMGMDHLRYYIG', 'VGMGMDHLRYYIGLL', 'YVGMGMDHLRYYIGL']","[362, 363, 364, 365, 366, 367]"
375,R,0.2743285596370697,5,"['GMDHLRYYIGLLAKH', 'GMGMDHLRYYIGLLA', 'GQYVGMGMDHLRYYI', 'MGMDHLRYYIGLLAK', 'QYVGMGMDHLRYYIG']","[363, 364, 367, 368, 369]"
376,Y,0.5450983047485352,7,"['DHLRYYIGLLAKHLD', 'GMDHLRYYIGLLAKH', 'HLRYYIGLLAKHLDV', 'LRYYIGLLAKHLDVQ', 'MDHLRYYIGLLAKHL', 'MGMDHLRYYIGLLAK', 'RYYIGLLAKHLDVQI']","[368, 369, 370, 371, 372, 373, 374]"
377,Y,0.5450983047485352,6,"['DHLRYYIGLLAKHLD', 'HLRYYIGLLAKHLDV', 'LRYYIGLLAKHLDVQ', 'MDHLRYYIGLLAKHL', 'RYYIGLLAKHLDVQI', 'YYIGLLAKHLDVQIA']","[370, 371, 372, 373, 374, 375]"
378,I,0.23836533725261688,3,"['GMDHLRYYIGLLAKH', 'YIGLLAKHLDVQIAL', 'YYIGLLAKHLDVQIA']","[369, 375, 376]"
379,G,0.5450983047485352,7,"['DHLRYYIGLLAKHLD', 'HLRYYIGLLAKHLDV', 'IGLLAKHLDVQIALL', 'LRYYIGLLAKHLDVQ', 'MDHLRYYIGLLAKHL', 'RYYIGLLAKHLDVQI', 'YIGLLAKHLDVQIAL']","[370, 371, 372, 373, 374, 376, 377]"
380,L,0.23836533725261688,4,"['GLLAKHLDVQIALLA', 'GMDHLRYYIGLLAKH', 'IGLLAKHLDVQIALL', 'YYIGLLAKHLDVQIA']","[369, 375, 377, 378]"
381,L,0.5450983047485352,9,"['DHLRYYIGLLAKHLD', 'GLLAKHLDVQIALLA', 'GMDHLRYYIGLLAKH', 'HLRYYIGLLAKHLDV', 'LLAKHLDVQIALLAS', 'LRYYIGLLAKHLDVQ', 'MDHLRYYIGLLAKHL', 'RYYIGLLAKHLDVQI', 'YIGLLAKHLDVQIAL']","[369, 370, 371, 372, 373, 374, 376, 378, 379]"
382,A,0.5450983047485352,8,"['DHLRYYIGLLAKHLD', 'HLRYYIGLLAKHLDV', 'IGLLAKHLDVQIALL', 'LLAKHLDVQIALLAS', 'LRYYIGLLAKHLDVQ', 'MDHLRYYIGLLAKHL', 'RYYIGLLAKHLDVQI', 'YYIGLLAKHLDVQIA']","[370, 371, 372, 373, 374, 375, 377, 379]"
383,K,0.23836533725261688,3,"['GLLAKHLDVQIALLA', 'YIGLLAKHLDVQIAL', 'YYIGLLAKHLDVQIA']","[375, 376, 378]"
384,H,0.035019077360630035,3,"['IGLLAKHLDVQIALL', 'LLAKHLDVQIALLAS', 'YIGLLAKHLDVQIAL']","[376, 377, 379]"
385,L,0.00872877798974514,2,"['GLLAKHLDVQIALLA', 'IGLLAKHLDVQIALL']","[377, 378]"
386,D,0.03775458782911301,4,"['GLLAKHLDVQIALLA', 'HLDVQIALLASPEFS', 'LAKHLDVQIALLASP', 'LLAKHLDVQIALLAS']","[378, 379, 380, 383]"
387,V,0.03775458782911301,4,"['AKHLDVQIALLASPE', 'HLDVQIALLASPEFS', 'LAKHLDVQIALLASP', 'LLAKHLDVQIALLAS']","[379, 380, 381, 383]"
388,Q,0.06484730541706085,5,"['AKHLDVQIALLASPE', 'DVQIALLASPEFSNG', 'KHLDVQIALLASPEF', 'LDVQIALLASPEFSN', 'VQIALLASPEFSNGL']","[381, 382, 384, 385, 386]"
389,I,0.06484730541706085,7,"['DVQIALLASPEFSNG', 'HLDVQIALLASPEFS', 'KHLDVQIALLASPEF', 'LAKHLDVQIALLASP', 'LDVQIALLASPEFSN', 'QIALLASPEFSNGLP', 'VQIALLASPEFSNGL']","[380, 382, 383, 384, 385, 386, 387]"
390,A,0.015364750288426876,3,"['AKHLDVQIALLASPE', 'IALLASPEFSNGLPP', 'QIALLASPEFSNGLP']","[381, 387, 388]"
391,L,0.06484730541706085,7,"['DVQIALLASPEFSNG', 'HLDVQIALLASPEFS', 'IALLASPEFSNGLPP', 'KHLDVQIALLASPEF', 'LAKHLDVQIALLASP', 'LDVQIALLASPEFSN', 'VQIALLASPEFSNGL']","[380, 382, 383, 384, 385, 386, 388]"
392,L,0.03775458782911301,5,"['AKHLDVQIALLASPE', 'ALLASPEFSNGLPPS', 'HLDVQIALLASPEFS', 'LAKHLDVQIALLASP', 'QIALLASPEFSNGLP']","[380, 381, 383, 387, 389]"
393,A,0.06484730541706085,7,"['AKHLDVQIALLASPE', 'ALLASPEFSNGLPPS', 'DVQIALLASPEFSNG', 'IALLASPEFSNGLPP', 'KHLDVQIALLASPEF', 'LDVQIALLASPEFSN', 'VQIALLASPEFSNGL']","[381, 382, 384, 385, 386, 388, 389]"
394,S,0.06484730541706085,5,"['DVQIALLASPEFSNG', 'KHLDVQIALLASPEF', 'LDVQIALLASPEFSN', 'QIALLASPEFSNGLP', 'VQIALLASPEFSNGL']","[382, 384, 385, 386, 387]"
395,P,0.006346224341541529,3,"['ALLASPEFSNGLPPS', 'IALLASPEFSNGLPP', 'QIALLASPEFSNGLP']","[387, 388, 389]"
396,E,0.002867987612262368,2,"['IALLASPEFSNGLPP', 'LLASPEFSNGLPPSL']","[388, 390]"
397,F,0.01313552912324667,4,"['ALLASPEFSNGLPPS', 'LASPEFSNGLPPSLL', 'LLASPEFSNGLPPSL', 'SPEFSNGLPPSLLGN']","[389, 390, 391, 393]"
398,S,0.01313552912324667,4,"['ALLASPEFSNGLPPS', 'ASPEFSNGLPPSLLG', 'LASPEFSNGLPPSLL', 'SPEFSNGLPPSLLGN']","[389, 391, 392, 393]"
399,N,0.0028846284840255976,2,"['ASPEFSNGLPPSLLG', 'LLASPEFSNGLPPSL']","[390, 392]"
400,G,0.01313552912324667,4,"['LASPEFSNGLPPSLL', 'PEFSNGLPPSLLGNR', 'SNGLPPSLLGNRERK', 'SPEFSNGLPPSLLGN']","[391, 393, 394, 397]"
401,L,0.0993352010846138,7,"['ASPEFSNGLPPSLLG', 'EFSNGLPPSLLGNRE', 'GLPPSLLGNRERKVN', 'LLASPEFSNGLPPSL', 'NGLPPSLLGNRERKV', 'PEFSNGLPPSLLGNR', 'SNGLPPSLLGNRERK']","[390, 392, 394, 395, 397, 398, 399]"
402,P,0.0993352010846138,8,"['EFSNGLPPSLLGNRE', 'FSNGLPPSLLGNRER', 'GLPPSLLGNRERKVN', 'LASPEFSNGLPPSLL', 'LLASPEFSNGLPPSL', 'LPPSLLGNRERKVNM', 'NGLPPSLLGNRERKV', 'SPEFSNGLPPSLLGN']","[390, 391, 393, 395, 396, 398, 399, 400]"
403,P,0.01313552912324667,7,"['ASPEFSNGLPPSLLG', 'FSNGLPPSLLGNRER', 'LASPEFSNGLPPSLL', 'LPPSLLGNRERKVNM', 'PEFSNGLPPSLLGNR', 'SNGLPPSLLGNRERK', 'SPEFSNGLPPSLLGN']","[391, 392, 393, 394, 396, 397, 400]"
404,S,0.0993352010846138,4,"['ASPEFSNGLPPSLLG', 'EFSNGLPPSLLGNRE', 'GLPPSLLGNRERKVN', 'NGLPPSLLGNRERKV']","[392, 395, 398, 399]"
405,L,0.026314033195376396,7,"['FSNGLPPSLLGNRER', 'LPPSLLGNRERKVNM', 'PEFSNGLPPSLLGNR', 'PPSLLGNRERKVNMG', 'PSLLGNRERKVNMGL', 'SLLGNRERKVNMGLK', 'SNGLPPSLLGNRERK']","[394, 396, 397, 400, 401, 402, 403]"
406,L,0.0993352010846138,9,"['EFSNGLPPSLLGNRE', 'GLPPSLLGNRERKVN', 'LLGNRERKVNMGLKG', 'NGLPPSLLGNRERKV', 'PEFSNGLPPSLLGNR', 'PPSLLGNRERKVNMG', 'PSLLGNRERKVNMGL', 'SLLGNRERKVNMGLK', 'SNGLPPSLLGNRERK']","[394, 395, 397, 398, 399, 401, 402, 403, 404]"
407,G,0.0993352010846138,7,"['EFSNGLPPSLLGNRE', 'FSNGLPPSLLGNRER', 'GLPPSLLGNRERKVN', 'LGNRERKVNMGLKGL', 'LLGNRERKVNMGLKG', 'LPPSLLGNRERKVNM', 'NGLPPSLLGNRERKV']","[395, 396, 398, 399, 400, 404, 405]"
408,N,0.026314033195376396,6,"['FSNGLPPSLLGNRER', 'LGNRERKVNMGLKGL', 'LPPSLLGNRERKVNM', 'PPSLLGNRERKVNMG', 'PSLLGNRERKVNMGL', 'SLLGNRERKVNMGLK']","[396, 400, 401, 402, 403, 405]"
409,R,0.015276054851710796,1,['LLGNRERKVNMGLKG'],[404]
410,E,0.026314033195376396,4,"['LGNRERKVNMGLKGL', 'PPSLLGNRERKVNMG', 'PSLLGNRERKVNMGL', 'SLLGNRERKVNMGLK']","[401, 402, 403, 405]"
411,R,0.026314033195376396,4,"['LLGNRERKVNMGLKG', 'PPSLLGNRERKVNMG', 'PSLLGNRERKVNMGL', 'SLLGNRERKVNMGLK']","[401, 402, 403, 404]"
412,K,0.02054283767938614,3,"['GNRERKVNMGLKGLQ', 'LGNRERKVNMGLKGL', 'LLGNRERKVNMGLKG']","[404, 405, 406]"
413,V,0.02054283767938614,4,"['GNRERKVNMGLKGLQ', 'LGNRERKVNMGLKGL', 'NRERKVNMGLKGLQI', 'RKVNMGLKGLQICGN']","[405, 406, 407, 410]"
414,N,0.010047568008303642,6,"['ERKVNMGLKGLQICG', 'KVNMGLKGLQICGNS', 'NRERKVNMGLKGLQI', 'RERKVNMGLKGLQIC', 'RKVNMGLKGLQICGN', 'VNMGLKGLQICGNSI']","[407, 408, 409, 410, 411, 412]"
415,M,0.02054283767938614,5,"['ERKVNMGLKGLQICG', 'GNRERKVNMGLKGLQ', 'KVNMGLKGLQICGNS', 'RERKVNMGLKGLQIC', 'VNMGLKGLQICGNSI']","[406, 408, 409, 411, 412]"
416,G,0.00704922853037715,2,"['NRERKVNMGLKGLQI', 'RKVNMGLKGLQICGN']","[407, 410]"
417,L,0.02054283767938614,5,"['ERKVNMGLKGLQICG', 'GNRERKVNMGLKGLQ', 'KVNMGLKGLQICGNS', 'RERKVNMGLKGLQIC', 'VNMGLKGLQICGNSI']","[406, 408, 409, 411, 412]"
418,K,0.02054283767938614,3,"['GNRERKVNMGLKGLQ', 'NRERKVNMGLKGLQI', 'RKVNMGLKGLQICGN']","[406, 407, 410]"
419,G,0.07088615745306015,10,"['ERKVNMGLKGLQICG', 'GLKGLQICGNSIMPL', 'KGLQICGNSIMPLLT', 'KVNMGLKGLQICGNS', 'LKGLQICGNSIMPLL', 'NMGLKGLQICGNSIM', 'NRERKVNMGLKGLQI', 'RERKVNMGLKGLQIC', 'RKVNMGLKGLQICGN', 'VNMGLKGLQICGNSI']","[407, 408, 409, 410, 411, 412, 413, 415, 416, 417]"
420,L,0.07088615745306015,9,"['ERKVNMGLKGLQICG', 'GLKGLQICGNSIMPL', 'KGLQICGNSIMPLLT', 'KVNMGLKGLQICGNS', 'LKGLQICGNSIMPLL', 'MGLKGLQICGNSIMP', 'NMGLKGLQICGNSIM', 'RERKVNMGLKGLQIC', 'VNMGLKGLQICGNSI']","[408, 409, 411, 412, 413, 414, 415, 416, 417]"
421,Q,0.029912052676081657,3,"['GLQICGNSIMPLLTF', 'LQICGNSIMPLLTFY', 'MGLKGLQICGNSIMP']","[414, 418, 419]"
422,I,0.07088615745306015,6,"['GLKGLQICGNSIMPL', 'GLQICGNSIMPLLTF', 'KGLQICGNSIMPLLT', 'LKGLQICGNSIMPLL', 'LQICGNSIMPLLTFY', 'NMGLKGLQICGNSIM']","[413, 415, 416, 417, 418, 419]"
423,C,0.013939748518168926,1,['MGLKGLQICGNSIMP'],[414]
424,G,0.07088615745306015,6,"['GLKGLQICGNSIMPL', 'GLQICGNSIMPLLTF', 'KGLQICGNSIMPLLT', 'LKGLQICGNSIMPLL', 'LQICGNSIMPLLTFY', 'NMGLKGLQICGNSIM']","[413, 415, 416, 417, 418, 419]"
425,N,0.07088615745306015,5,"['GLKGLQICGNSIMPL', 'KGLQICGNSIMPLLT', 'LKGLQICGNSIMPLL', 'MGLKGLQICGNSIMP', 'NMGLKGLQICGNSIM']","[413, 414, 415, 416, 417]"
426,S,0.029912052676081657,6,"['CGNSIMPLLTFYGNS', 'GLQICGNSIMPLLTF', 'ICGNSIMPLLTFYGN', 'LQICGNSIMPLLTFY', 'MGLKGLQICGNSIMP', 'QICGNSIMPLLTFYG']","[414, 418, 419, 420, 421, 422]"
427,I,0.029912052676081657,6,"['CGNSIMPLLTFYGNS', 'GLQICGNSIMPLLTF', 'GNSIMPLLTFYGNSI', 'ICGNSIMPLLTFYGN', 'LQICGNSIMPLLTFY', 'QICGNSIMPLLTFYG']","[418, 419, 420, 421, 422, 423]"
428,M,0.07661910355091095,4,"['GNSIMPLLTFYGNSI', 'IMPLLTFYGNSIADR', 'NSIMPLLTFYGNSIA', 'SIMPLLTFYGNSIAD']","[423, 424, 425, 426]"
429,P,0.07661910355091095,6,"['CGNSIMPLLTFYGNS', 'ICGNSIMPLLTFYGN', 'IMPLLTFYGNSIADR', 'NSIMPLLTFYGNSIA', 'QICGNSIMPLLTFYG', 'SIMPLLTFYGNSIAD']","[420, 421, 422, 424, 425, 426]"
430,L,0.0031401494052261114,1,['GNSIMPLLTFYGNSI'],[423]
431,L,0.07661910355091095,6,"['CGNSIMPLLTFYGNS', 'ICGNSIMPLLTFYGN', 'IMPLLTFYGNSIADR', 'NSIMPLLTFYGNSIA', 'QICGNSIMPLLTFYG', 'SIMPLLTFYGNSIAD']","[420, 421, 422, 424, 425, 426]"
432,T,0.055082760751247406,5,"['CGNSIMPLLTFYGNS', 'GNSIMPLLTFYGNSI', 'ICGNSIMPLLTFYGN', 'MPLLTFYGNSIADRF', 'QICGNSIMPLLTFYG']","[420, 421, 422, 423, 427]"
433,F,0.183866947889328,7,"['GNSIMPLLTFYGNSI', 'IMPLLTFYGNSIADR', 'LLTFYGNSIADRFPT', 'MPLLTFYGNSIADRF', 'NSIMPLLTFYGNSIA', 'SIMPLLTFYGNSIAD', 'TFYGNSIADRFPTHA']","[423, 424, 425, 426, 427, 429, 431]"
434,Y,0.183866947889328,8,"['FYGNSIADRFPTHAE', 'IMPLLTFYGNSIADR', 'LLTFYGNSIADRFPT', 'LTFYGNSIADRFPTH', 'NSIMPLLTFYGNSIA', 'PLLTFYGNSIADRFP', 'SIMPLLTFYGNSIAD', 'TFYGNSIADRFPTHA']","[424, 425, 426, 428, 429, 430, 431, 432]"
435,G,0.15252572298049927,5,"['FYGNSIADRFPTHAE', 'LTFYGNSIADRFPTH', 'MPLLTFYGNSIADRF', 'PLLTFYGNSIADRFP', 'YGNSIADRFPTHAEQ']","[427, 428, 430, 432, 433]"
436,N,0.183866947889328,3,"['LLTFYGNSIADRFPT', 'TFYGNSIADRFPTHA', 'YGNSIADRFPTHAEQ']","[429, 431, 433]"
437,S,0.15252572298049927,5,"['FYGNSIADRFPTHAE', 'GNSIADRFPTHAEQF', 'LTFYGNSIADRFPTH', 'MPLLTFYGNSIADRF', 'PLLTFYGNSIADRFP']","[427, 428, 430, 432, 434]"
438,I,0.183866947889328,7,"['GNSIADRFPTHAEQF', 'LLTFYGNSIADRFPT', 'MPLLTFYGNSIADRF', 'NSIADRFPTHAEQFN', 'SIADRFPTHAEQFNQ', 'TFYGNSIADRFPTHA', 'YGNSIADRFPTHAEQ']","[427, 429, 431, 433, 434, 435, 436]"
439,A,0.183866947889328,8,"['FYGNSIADRFPTHAE', 'IADRFPTHAEQFNQN', 'LLTFYGNSIADRFPT', 'LTFYGNSIADRFPTH', 'NSIADRFPTHAEQFN', 'PLLTFYGNSIADRFP', 'SIADRFPTHAEQFNQ', 'TFYGNSIADRFPTHA']","[428, 429, 430, 431, 432, 435, 436, 437]"
440,D,0.15252572298049927,6,"['FYGNSIADRFPTHAE', 'GNSIADRFPTHAEQF', 'IADRFPTHAEQFNQN', 'LTFYGNSIADRFPTH', 'PLLTFYGNSIADRFP', 'YGNSIADRFPTHAEQ']","[428, 430, 432, 433, 434, 437]"
441,R,0.006957733538001776,3,"['NSIADRFPTHAEQFN', 'SIADRFPTHAEQFNQ', 'YGNSIADRFPTHAEQ']","[433, 435, 436]"
442,F,0.004372234921902418,3,"['ADRFPTHAEQFNQNI', 'GNSIADRFPTHAEQF', 'IADRFPTHAEQFNQN']","[434, 437, 438]"
443,P,0.008526986464858055,7,"['ADRFPTHAEQFNQNI', 'DRFPTHAEQFNQNIN', 'FPTHAEQFNQNINSQ', 'GNSIADRFPTHAEQF', 'NSIADRFPTHAEQFN', 'RFPTHAEQFNQNINS', 'SIADRFPTHAEQFNQ']","[434, 435, 436, 438, 439, 440, 441]"
444,T,0.008526986464858055,6,"['DRFPTHAEQFNQNIN', 'FPTHAEQFNQNINSQ', 'IADRFPTHAEQFNQN', 'NSIADRFPTHAEQFN', 'RFPTHAEQFNQNINS', 'SIADRFPTHAEQFNQ']","[435, 436, 437, 439, 440, 441]"
445,H,0.004372234921902418,2,"['ADRFPTHAEQFNQNI', 'IADRFPTHAEQFNQN']","[437, 438]"
446,A,0.008526986464858055,3,"['DRFPTHAEQFNQNIN', 'FPTHAEQFNQNINSQ', 'RFPTHAEQFNQNINS']","[439, 440, 441]"
447,E,0.002540114102885127,1,['ADRFPTHAEQFNQNI'],[438]
448,Q,0.0458092987537384,8,"['ADRFPTHAEQFNQNI', 'AEQFNQNINSQGYTS', 'DRFPTHAEQFNQNIN', 'FPTHAEQFNQNINSQ', 'HAEQFNQNINSQGYT', 'PTHAEQFNQNINSQG', 'RFPTHAEQFNQNINS', 'THAEQFNQNINSQGY']","[438, 439, 440, 441, 442, 443, 444, 445]"
449,F,0.0458092987537384,8,"['AEQFNQNINSQGYTS', 'DRFPTHAEQFNQNIN', 'EQFNQNINSQGYTSA', 'FPTHAEQFNQNINSQ', 'HAEQFNQNINSQGYT', 'PTHAEQFNQNINSQG', 'RFPTHAEQFNQNINS', 'THAEQFNQNINSQGY']","[439, 440, 441, 442, 443, 444, 445, 446]"
450,N,0.03194154426455498,3,"['EQFNQNINSQGYTSA', 'FNQNINSQGYTSATL', 'QFNQNINSQGYTSAT']","[446, 447, 448]"
451,Q,0.0458092987537384,6,"['AEQFNQNINSQGYTS', 'FNQNINSQGYTSATL', 'HAEQFNQNINSQGYT', 'PTHAEQFNQNINSQG', 'QFNQNINSQGYTSAT', 'THAEQFNQNINSQGY']","[442, 443, 444, 445, 447, 448]"
452,N,0.008792401291429996,2,"['EQFNQNINSQGYTSA', 'QNINSQGYTSATLAR']","[446, 450]"
453,I,0.0458092987537384,7,"['AEQFNQNINSQGYTS', 'FNQNINSQGYTSATL', 'HAEQFNQNINSQGYT', 'PTHAEQFNQNINSQG', 'QFNQNINSQGYTSAT', 'QNINSQGYTSATLAR', 'THAEQFNQNINSQGY']","[442, 443, 444, 445, 447, 448, 450]"
454,N,0.0458092987537384,6,"['AEQFNQNINSQGYTS', 'EQFNQNINSQGYTSA', 'HAEQFNQNINSQGYT', 'NQNINSQGYTSATLA', 'PTHAEQFNQNINSQG', 'THAEQFNQNINSQGY']","[442, 443, 444, 445, 446, 449]"
455,S,0.03194154426455498,5,"['EQFNQNINSQGYTSA', 'FNQNINSQGYTSATL', 'NQNINSQGYTSATLA', 'QFNQNINSQGYTSAT', 'QNINSQGYTSATLAR']","[446, 447, 448, 449, 450]"
456,Q,0.03194154426455498,2,"['FNQNINSQGYTSATL', 'QFNQNINSQGYTSAT']","[447, 448]"
457,G,0.01828814297914505,5,"['INSQGYTSATLARRS', 'NINSQGYTSATLARR', 'NQNINSQGYTSATLA', 'QGYTSATLARRSVDI', 'QNINSQGYTSATLAR']","[449, 450, 451, 452, 455]"
458,Y,0.01828814297914505,5,"['INSQGYTSATLARRS', 'NINSQGYTSATLARR', 'NSQGYTSATLARRSV', 'QGYTSATLARRSVDI', 'QNINSQGYTSATLAR']","[450, 451, 452, 453, 455]"
459,T,0.010190227068960667,3,"['NQNINSQGYTSATLA', 'NSQGYTSATLARRSV', 'SQGYTSATLARRSVD']","[449, 453, 454]"
460,S,0.01828814297914505,5,"['INSQGYTSATLARRS', 'NINSQGYTSATLARR', 'NQNINSQGYTSATLA', 'QGYTSATLARRSVDI', 'SQGYTSATLARRSVD']","[449, 451, 452, 454, 455]"
461,A,0.009430229663848877,1,['NSQGYTSATLARRSV'],[453]
462,T,0.01828814297914505,6,"['GYTSATLARRSVDIF', 'INSQGYTSATLARRS', 'NINSQGYTSATLARR', 'QGYTSATLARRSVDI', 'SATLARRSVDIFQNY', 'SQGYTSATLARRSVD']","[451, 452, 454, 455, 456, 459]"
463,L,0.02492689900100231,9,"['ATLARRSVDIFQNYV', 'GYTSATLARRSVDIF', 'INSQGYTSATLARRS', 'NINSQGYTSATLARR', 'NSQGYTSATLARRSV', 'QGYTSATLARRSVDI', 'SATLARRSVDIFQNY', 'TSATLARRSVDIFQN', 'YTSATLARRSVDIFQ']","[451, 452, 453, 455, 456, 457, 458, 459, 460]"
464,A,0.02492689900100231,7,"['ATLARRSVDIFQNYV', 'LARRSVDIFQNYVAI', 'NSQGYTSATLARRSV', 'SQGYTSATLARRSVD', 'TLARRSVDIFQNYVA', 'TSATLARRSVDIFQN', 'YTSATLARRSVDIFQ']","[453, 454, 457, 458, 460, 461, 462]"
465,R,0.011093749664723873,5,"['GYTSATLARRSVDIF', 'LARRSVDIFQNYVAI', 'SATLARRSVDIFQNY', 'SQGYTSATLARRSVD', 'TLARRSVDIFQNYVA']","[454, 456, 459, 461, 462]"
466,R,0.02492689900100231,3,"['ATLARRSVDIFQNYV', 'TSATLARRSVDIFQN', 'YTSATLARRSVDIFQ']","[457, 458, 460]"
467,S,0.011093749664723873,4,"['GYTSATLARRSVDIF', 'LARRSVDIFQNYVAI', 'SATLARRSVDIFQNY', 'TLARRSVDIFQNYVA']","[456, 459, 461, 462]"
468,V,0.02492689900100231,5,"['ATLARRSVDIFQNYV', 'GYTSATLARRSVDIF', 'SATLARRSVDIFQNY', 'TSATLARRSVDIFQN', 'YTSATLARRSVDIFQ']","[456, 457, 458, 459, 460]"
469,D,0.02515232376754284,7,"['ARRSVDIFQNYVAIA', 'ATLARRSVDIFQNYV', 'LARRSVDIFQNYVAI', 'SVDIFQNYVAIALMF', 'TLARRSVDIFQNYVA', 'TSATLARRSVDIFQN', 'YTSATLARRSVDIFQ']","[457, 458, 460, 461, 462, 463, 466]"
470,I,0.0383380651473999,6,"['ARRSVDIFQNYVAIA', 'LARRSVDIFQNYVAI', 'RRSVDIFQNYVAIAL', 'RSVDIFQNYVAIALM', 'SVDIFQNYVAIALMF', 'TLARRSVDIFQNYVA']","[461, 462, 463, 464, 465, 466]"
471,F,0.0383380651473999,2,"['RRSVDIFQNYVAIAL', 'RSVDIFQNYVAIALM']","[464, 465]"
472,Q,0.02515232376754284,2,"['ARRSVDIFQNYVAIA', 'SVDIFQNYVAIALMF']","[463, 466]"
473,N,0.07820688933134079,4,"['DIFQNYVAIALMFGV', 'RRSVDIFQNYVAIAL', 'RSVDIFQNYVAIALM', 'VDIFQNYVAIALMFG']","[464, 465, 467, 468]"
474,Y,0.07820688933134079,4,"['ARRSVDIFQNYVAIA', 'DIFQNYVAIALMFGV', 'SVDIFQNYVAIALMF', 'VDIFQNYVAIALMFG']","[463, 466, 467, 468]"
475,V,0.0383380651473999,9,"['ARRSVDIFQNYVAIA', 'FQNYVAIALMFGVQA', 'IFQNYVAIALMFGVQ', 'NYVAIALMFGVQAVD', 'QNYVAIALMFGVQAV', 'RRSVDIFQNYVAIAL', 'RSVDIFQNYVAIALM', 'SVDIFQNYVAIALMF', 'YVAIALMFGVQAVDL']","[463, 464, 465, 466, 469, 470, 471, 472, 473]"
476,A,0.07820688933134079,9,"['DIFQNYVAIALMFGV', 'FQNYVAIALMFGVQA', 'IFQNYVAIALMFGVQ', 'NYVAIALMFGVQAVD', 'QNYVAIALMFGVQAV', 'RRSVDIFQNYVAIAL', 'RSVDIFQNYVAIALM', 'VDIFQNYVAIALMFG', 'YVAIALMFGVQAVDL']","[464, 465, 467, 468, 469, 470, 471, 472, 473]"
477,I,0.0,0,None,None
478,A,0.07820688933134079,7,"['DIFQNYVAIALMFGV', 'FQNYVAIALMFGVQA', 'IFQNYVAIALMFGVQ', 'NYVAIALMFGVQAVD', 'QNYVAIALMFGVQAV', 'VDIFQNYVAIALMFG', 'YVAIALMFGVQAVDL']","[467, 468, 469, 470, 471, 472, 473]"
479,L,0.09284429252147675,3,"['ALMFGVQAVDLRTYK', 'DIFQNYVAIALMFGV', 'VDIFQNYVAIALMFG']","[467, 468, 477]"
480,M,0.09284429252147675,10,"['AIALMFGVQAVDLRT', 'ALMFGVQAVDLRTYK', 'FQNYVAIALMFGVQA', 'IALMFGVQAVDLRTY', 'IFQNYVAIALMFGVQ', 'LMFGVQAVDLRTYKK', 'NYVAIALMFGVQAVD', 'QNYVAIALMFGVQAV', 'VAIALMFGVQAVDLR', 'YVAIALMFGVQAVDL']","[469, 470, 471, 472, 473, 474, 475, 476, 477, 478]"
481,F,0.08741001039743423,10,"['AIALMFGVQAVDLRT', 'FQNYVAIALMFGVQA', 'IALMFGVQAVDLRTY', 'IFQNYVAIALMFGVQ', 'LMFGVQAVDLRTYKK', 'MFGVQAVDLRTYKKT', 'NYVAIALMFGVQAVD', 'QNYVAIALMFGVQAV', 'VAIALMFGVQAVDLR', 'YVAIALMFGVQAVDL']","[469, 470, 471, 472, 473, 474, 475, 476, 478, 479]"
482,G,0.2122202068567276,3,"['ALMFGVQAVDLRTYK', 'FGVQAVDLRTYKKTG', 'MFGVQAVDLRTYKKT']","[477, 479, 480]"
483,V,0.2122202068567276,5,"['AIALMFGVQAVDLRT', 'FGVQAVDLRTYKKTG', 'IALMFGVQAVDLRTY', 'LMFGVQAVDLRTYKK', 'VAIALMFGVQAVDLR']","[474, 475, 476, 478, 480]"
484,Q,0.09284429252147675,2,"['ALMFGVQAVDLRTYK', 'MFGVQAVDLRTYKKT']","[477, 479]"
485,A,0.2122202068567276,6,"['AIALMFGVQAVDLRT', 'ALMFGVQAVDLRTYK', 'FGVQAVDLRTYKKTG', 'IALMFGVQAVDLRTY', 'LMFGVQAVDLRTYKK', 'VAIALMFGVQAVDLR']","[474, 475, 476, 477, 478, 480]"
486,V,0.08741001039743423,5,"['AIALMFGVQAVDLRT', 'IALMFGVQAVDLRTY', 'LMFGVQAVDLRTYKK', 'MFGVQAVDLRTYKKT', 'VAIALMFGVQAVDLR']","[474, 475, 476, 478, 479]"
487,D,0.2122202068567276,3,"['FGVQAVDLRTYKKTG', 'GVQAVDLRTYKKTGH', 'MFGVQAVDLRTYKKT']","[479, 480, 481]"
488,L,0.2122202068567276,4,"['DLRTYKKTGHYDARA', 'FGVQAVDLRTYKKTG', 'GVQAVDLRTYKKTGH', 'VQAVDLRTYKKTGHY']","[480, 481, 482, 486]"
489,R,0.03613397851586342,6,"['AVDLRTYKKTGHYDA', 'DLRTYKKTGHYDARA', 'LRTYKKTGHYDARAS', 'QAVDLRTYKKTGHYD', 'VDLRTYKKTGHYDAR', 'VQAVDLRTYKKTGHY']","[482, 483, 484, 485, 486, 487]"
490,T,0.16315704584121704,6,"['AVDLRTYKKTGHYDA', 'GVQAVDLRTYKKTGH', 'LRTYKKTGHYDARAS', 'QAVDLRTYKKTGHYD', 'RTYKKTGHYDARASL', 'VDLRTYKKTGHYDAR']","[481, 483, 484, 485, 487, 488]"
491,Y,0.029920099303126335,4,"['DLRTYKKTGHYDARA', 'RTYKKTGHYDARASL', 'TYKKTGHYDARASLS', 'VQAVDLRTYKKTGHY']","[482, 486, 488, 489]"
492,K,0.16315704584121704,7,"['AVDLRTYKKTGHYDA', 'GVQAVDLRTYKKTGH', 'LRTYKKTGHYDARAS', 'QAVDLRTYKKTGHYD', 'TYKKTGHYDARASLS', 'VDLRTYKKTGHYDAR', 'YKKTGHYDARASLSP']","[481, 483, 484, 485, 487, 489, 490]"
493,K,0.16315704584121704,5,"['DLRTYKKTGHYDARA', 'GVQAVDLRTYKKTGH', 'RTYKKTGHYDARASL', 'VQAVDLRTYKKTGHY', 'YKKTGHYDARASLSP']","[481, 482, 486, 488, 490]"
494,T,0.03613397851586342,7,"['AVDLRTYKKTGHYDA', 'DLRTYKKTGHYDARA', 'LRTYKKTGHYDARAS', 'QAVDLRTYKKTGHYD', 'TYKKTGHYDARASLS', 'VDLRTYKKTGHYDAR', 'VQAVDLRTYKKTGHY']","[482, 483, 484, 485, 486, 487, 489]"
495,G,0.03613397851586342,6,"['AVDLRTYKKTGHYDA', 'LRTYKKTGHYDARAS', 'QAVDLRTYKKTGHYD', 'RTYKKTGHYDARASL', 'VDLRTYKKTGHYDAR', 'YKKTGHYDARASLSP']","[483, 484, 485, 487, 488, 490]"
496,H,0.04077676683664322,5,"['GHYDARASLSPATER', 'KKTGHYDARASLSPA', 'KTGHYDARASLSPAT', 'RTYKKTGHYDARASL', 'TYKKTGHYDARASLS']","[488, 489, 491, 492, 494]"
497,Y,0.04077676683664322,7,"['GHYDARASLSPATER', 'HYDARASLSPATERL', 'KKTGHYDARASLSPA', 'KTGHYDARASLSPAT', 'TGHYDARASLSPATE', 'TYKKTGHYDARASLS', 'YKKTGHYDARASLSP']","[489, 490, 491, 492, 493, 494, 495]"
498,D,0.010779954493045807,3,"['HYDARASLSPATERL', 'TGHYDARASLSPATE', 'YKKTGHYDARASLSP']","[490, 493, 495]"
499,A,0.04077676683664322,3,"['GHYDARASLSPATER', 'KKTGHYDARASLSPA', 'KTGHYDARASLSPAT']","[491, 492, 494]"
500,R,0.010779954493045807,2,"['HYDARASLSPATERL', 'TGHYDARASLSPATE']","[493, 495]"
501,A,0.04077676683664322,3,"['GHYDARASLSPATER', 'KKTGHYDARASLSPA', 'KTGHYDARASLSPAT']","[491, 492, 494]"
502,S,0.04077676683664322,6,"['GHYDARASLSPATER', 'HYDARASLSPATERL', 'KKTGHYDARASLSPA', 'KTGHYDARASLSPAT', 'TGHYDARASLSPATE', 'YDARASLSPATERLY']","[491, 492, 493, 494, 495, 496]"
503,L,0.010779954493045807,5,"['DARASLSPATERLYS', 'HYDARASLSPATERL', 'SLSPATERLYSAVRH', 'TGHYDARASLSPATE', 'YDARASLSPATERLY']","[493, 495, 496, 497, 501]"
504,S,0.007630863692611456,6,"['ARASLSPATERLYSA', 'ASLSPATERLYSAVR', 'DARASLSPATERLYS', 'LSPATERLYSAVRHV', 'RASLSPATERLYSAV', 'SLSPATERLYSAVRH']","[497, 498, 499, 500, 501, 502]"
505,P,0.0065759699791669846,5,"['ARASLSPATERLYSA', 'ASLSPATERLYSAVR', 'LSPATERLYSAVRHV', 'RASLSPATERLYSAV', 'YDARASLSPATERLY']","[496, 498, 499, 500, 502]"
506,A,0.007630863692611456,2,"['DARASLSPATERLYS', 'SLSPATERLYSAVRH']","[497, 501]"
507,T,0.0065759699791669846,5,"['ARASLSPATERLYSA', 'ASLSPATERLYSAVR', 'LSPATERLYSAVRHV', 'RASLSPATERLYSAV', 'YDARASLSPATERLY']","[496, 498, 499, 500, 502]"
508,E,0.007630863692611456,3,"['DARASLSPATERLYS', 'SLSPATERLYSAVRH', 'YDARASLSPATERLY']","[496, 497, 501]"
509,R,0.09504261612892151,8,"['ARASLSPATERLYSA', 'ASLSPATERLYSAVR', 'DARASLSPATERLYS', 'LSPATERLYSAVRHV', 'RASLSPATERLYSAV', 'SLSPATERLYSAVRH', 'SPATERLYSAVRHVV', 'TERLYSAVRHVVGQK']","[497, 498, 499, 500, 501, 502, 503, 506]"
510,L,0.09504261612892151,8,"['ARASLSPATERLYSA', 'ASLSPATERLYSAVR', 'ERLYSAVRHVVGQKP', 'LSPATERLYSAVRHV', 'PATERLYSAVRHVVG', 'RASLSPATERLYSAV', 'SPATERLYSAVRHVV', 'TERLYSAVRHVVGQK']","[498, 499, 500, 502, 503, 504, 506, 507]"
511,Y,0.03551332652568817,5,"['ATERLYSAVRHVVGQ', 'ERLYSAVRHVVGQKP', 'LYSAVRHVVGQKPTS', 'PATERLYSAVRHVVG', 'RLYSAVRHVVGQKPT']","[504, 505, 507, 508, 509]"
512,S,0.09504261612892151,5,"['ATERLYSAVRHVVGQ', 'LYSAVRHVVGQKPTS', 'RLYSAVRHVVGQKPT', 'SPATERLYSAVRHVV', 'TERLYSAVRHVVGQK']","[503, 505, 506, 508, 509]"
513,A,0.02493460662662983,2,"['ERLYSAVRHVVGQKP', 'PATERLYSAVRHVVG']","[504, 507]"
514,V,0.09504261612892151,5,"['ATERLYSAVRHVVGQ', 'LYSAVRHVVGQKPTS', 'RLYSAVRHVVGQKPT', 'SPATERLYSAVRHVV', 'TERLYSAVRHVVGQK']","[503, 505, 506, 508, 509]"
515,R,0.09504261612892151,4,"['ERLYSAVRHVVGQKP', 'PATERLYSAVRHVVG', 'SPATERLYSAVRHVV', 'TERLYSAVRHVVGQK']","[503, 504, 506, 507]"
516,H,0.03551332652568817,6,"['ATERLYSAVRHVVGQ', 'ERLYSAVRHVVGQKP', 'LYSAVRHVVGQKPTS', 'PATERLYSAVRHVVG', 'RLYSAVRHVVGQKPT', 'YSAVRHVVGQKPTSD']","[504, 505, 507, 508, 509, 510]"
517,V,0.03551332652568817,6,"['ATERLYSAVRHVVGQ', 'HVVGQKPTSDRPYIW', 'LYSAVRHVVGQKPTS', 'RLYSAVRHVVGQKPT', 'SAVRHVVGQKPTSDR', 'YSAVRHVVGQKPTSD']","[505, 508, 509, 510, 511, 515]"
518,V,0.017048489302396774,6,"['AVRHVVGQKPTSDRP', 'HVVGQKPTSDRPYIW', 'RHVVGQKPTSDRPYI', 'SAVRHVVGQKPTSDR', 'VRHVVGQKPTSDRPY', 'VVGQKPTSDRPYIWN']","[511, 512, 513, 514, 515, 516]"
519,G,0.017048489302396774,6,"['AVRHVVGQKPTSDRP', 'RHVVGQKPTSDRPYI', 'VGQKPTSDRPYIWND', 'VRHVVGQKPTSDRPY', 'VVGQKPTSDRPYIWN', 'YSAVRHVVGQKPTSD']","[510, 512, 513, 514, 516, 517]"
520,Q,0.011308912187814713,3,"['HVVGQKPTSDRPYIW', 'SAVRHVVGQKPTSDR', 'VGQKPTSDRPYIWND']","[511, 515, 517]"
521,K,0.017048489302396774,5,"['AVRHVVGQKPTSDRP', 'RHVVGQKPTSDRPYI', 'VRHVVGQKPTSDRPY', 'VVGQKPTSDRPYIWN', 'YSAVRHVVGQKPTSD']","[510, 512, 513, 514, 516]"
522,P,0.011308912187814713,4,"['HVVGQKPTSDRPYIW', 'SAVRHVVGQKPTSDR', 'VGQKPTSDRPYIWND', 'YSAVRHVVGQKPTSD']","[510, 511, 515, 517]"
523,T,0.017048489302396774,6,"['AVRHVVGQKPTSDRP', 'HVVGQKPTSDRPYIW', 'RHVVGQKPTSDRPYI', 'SAVRHVVGQKPTSDR', 'VRHVVGQKPTSDRPY', 'VVGQKPTSDRPYIWN']","[511, 512, 513, 514, 515, 516]"
524,S,0.017048489302396774,6,"['AVRHVVGQKPTSDRP', 'GQKPTSDRPYIWNDN', 'RHVVGQKPTSDRPYI', 'VGQKPTSDRPYIWND', 'VRHVVGQKPTSDRPY', 'VVGQKPTSDRPYIWN']","[512, 513, 514, 516, 517, 518]"
525,D,0.010543517768383026,3,"['GQKPTSDRPYIWNDN', 'QKPTSDRPYIWNDNE', 'VGQKPTSDRPYIWND']","[517, 518, 519]"
526,R,0.0018126346403732896,2,"['KPTSDRPYIWNDNEQ', 'QKPTSDRPYIWNDNE']","[519, 520]"
527,P,0.548002302646637,3,"['GQKPTSDRPYIWNDN', 'KPTSDRPYIWNDNEQ', 'PTSDRPYIWNDNEQG']","[518, 520, 521]"
528,Y,0.9238148331642151,5,"['DRPYIWNDNEQGLDE', 'PTSDRPYIWNDNEQG', 'QKPTSDRPYIWNDNE', 'RPYIWNDNEQGLDEH', 'TSDRPYIWNDNEQGL']","[519, 521, 522, 524, 525]"
529,I,0.9238148331642151,6,"['DRPYIWNDNEQGLDE', 'GQKPTSDRPYIWNDN', 'KPTSDRPYIWNDNEQ', 'RPYIWNDNEQGLDEH', 'SDRPYIWNDNEQGLD', 'TSDRPYIWNDNEQGL']","[518, 520, 522, 523, 524, 525]"
530,W,0.8976568579673767,7,"['GQKPTSDRPYIWNDN', 'IWNDNEQGLDEHIAR', 'PTSDRPYIWNDNEQG', 'PYIWNDNEQGLDEHI', 'QKPTSDRPYIWNDNE', 'SDRPYIWNDNEQGLD', 'YIWNDNEQGLDEHIA']","[518, 519, 521, 523, 526, 527, 528]"
531,N,0.9238148331642151,9,"['DRPYIWNDNEQGLDE', 'IWNDNEQGLDEHIAR', 'KPTSDRPYIWNDNEQ', 'PYIWNDNEQGLDEHI', 'QKPTSDRPYIWNDNE', 'RPYIWNDNEQGLDEH', 'TSDRPYIWNDNEQGL', 'WNDNEQGLDEHIARI', 'YIWNDNEQGLDEHIA']","[519, 520, 522, 524, 525, 526, 527, 528, 529]"
532,D,0.8019205927848816,4,"['KPTSDRPYIWNDNEQ', 'PTSDRPYIWNDNEQG', 'SDRPYIWNDNEQGLD', 'WNDNEQGLDEHIARI']","[520, 521, 523, 529]"
533,N,0.9238148331642151,7,"['DRPYIWNDNEQGLDE', 'IWNDNEQGLDEHIAR', 'PTSDRPYIWNDNEQG', 'PYIWNDNEQGLDEHI', 'RPYIWNDNEQGLDEH', 'TSDRPYIWNDNEQGL', 'YIWNDNEQGLDEHIA']","[521, 522, 524, 525, 526, 527, 528]"
534,E,0.9238148331642151,5,"['DRPYIWNDNEQGLDE', 'RPYIWNDNEQGLDEH', 'SDRPYIWNDNEQGLD', 'TSDRPYIWNDNEQGL', 'WNDNEQGLDEHIARI']","[522, 523, 524, 525, 529]"
535,Q,0.8976568579673767,4,"['IWNDNEQGLDEHIAR', 'PYIWNDNEQGLDEHI', 'SDRPYIWNDNEQGLD', 'YIWNDNEQGLDEHIA']","[523, 526, 527, 528]"
536,G,0.8976568579673767,6,"['DNEQGLDEHIARISA', 'IWNDNEQGLDEHIAR', 'NDNEQGLDEHIARIS', 'PYIWNDNEQGLDEHI', 'WNDNEQGLDEHIARI', 'YIWNDNEQGLDEHIA']","[526, 527, 528, 529, 530, 531]"
537,L,0.006647444795817137,3,"['DNEQGLDEHIARISA', 'NDNEQGLDEHIARIS', 'WNDNEQGLDEHIARI']","[529, 530, 531]"
538,D,0.008114097639918327,2,"['EQGLDEHIARISADI', 'NEQGLDEHIARISAD']","[532, 533]"
539,E,0.008114097639918327,4,"['DNEQGLDEHIARISA', 'EQGLDEHIARISADI', 'NDNEQGLDEHIARIS', 'NEQGLDEHIARISAD']","[530, 531, 532, 533]"
540,H,0.010878484696149826,3,"['GLDEHIARISADIAG', 'LDEHIARISADIAGG', 'QGLDEHIARISADIA']","[534, 535, 536]"
541,I,0.010878484696149826,7,"['DNEQGLDEHIARISA', 'EQGLDEHIARISADI', 'GLDEHIARISADIAG', 'LDEHIARISADIAGG', 'NDNEQGLDEHIARIS', 'NEQGLDEHIARISAD', 'QGLDEHIARISADIA']","[530, 531, 532, 533, 534, 535, 536]"
542,A,0.006647444795817137,2,"['DNEQGLDEHIARISA', 'NDNEQGLDEHIARIS']","[530, 531]"
543,R,0.15393508970737457,7,"['ARISADIAGGVIVQA', 'DEHIARISADIAGGV', 'EQGLDEHIARISADI', 'GLDEHIARISADIAG', 'LDEHIARISADIAGG', 'NEQGLDEHIARISAD', 'QGLDEHIARISADIA']","[532, 533, 534, 535, 536, 537, 541]"
544,I,0.24564118683338165,7,"['ARISADIAGGVIVQA', 'DEHIARISADIAGGV', 'EHIARISADIAGGVI', 'EQGLDEHIARISADI', 'HIARISADIAGGVIV', 'NEQGLDEHIARISAD', 'RISADIAGGVIVQAV']","[532, 533, 537, 538, 539, 541, 542]"
545,S,0.4109986424446106,8,"['EHIARISADIAGGVI', 'GLDEHIARISADIAG', 'HIARISADIAGGVIV', 'IARISADIAGGVIVQ', 'ISADIAGGVIVQAVQ', 'LDEHIARISADIAGG', 'QGLDEHIARISADIA', 'RISADIAGGVIVQAV']","[534, 535, 536, 538, 539, 540, 542, 543]"
546,A,0.4109986424446106,7,"['ARISADIAGGVIVQA', 'DEHIARISADIAGGV', 'GLDEHIARISADIAG', 'IARISADIAGGVIVQ', 'ISADIAGGVIVQAVQ', 'LDEHIARISADIAGG', 'QGLDEHIARISADIA']","[534, 535, 536, 537, 540, 541, 543]"
547,D,0.24564118683338165,3,"['EHIARISADIAGGVI', 'HIARISADIAGGVIV', 'RISADIAGGVIVQAV']","[538, 539, 542]"
548,I,0.4109986424446106,4,"['ARISADIAGGVIVQA', 'DEHIARISADIAGGV', 'IARISADIAGGVIVQ', 'ISADIAGGVIVQAVQ']","[537, 540, 541, 543]"
549,A,0.24564118683338165,6,"['ARISADIAGGVIVQA', 'DEHIARISADIAGGV', 'EHIARISADIAGGVI', 'HIARISADIAGGVIV', 'RISADIAGGVIVQAV', 'SADIAGGVIVQAVQD']","[537, 538, 539, 541, 542, 544]"
550,G,0.4109986424446106,6,"['EHIARISADIAGGVI', 'HIARISADIAGGVIV', 'IARISADIAGGVIVQ', 'ISADIAGGVIVQAVQ', 'RISADIAGGVIVQAV', 'SADIAGGVIVQAVQD']","[538, 539, 540, 542, 543, 544]"
551,G,0.4109986424446106,6,"['ADIAGGVIVQAVQDI', 'AGGVIVQAVQDILPS', 'DIAGGVIVQAVQDIL', 'GGVIVQAVQDILPSL', 'IARISADIAGGVIVQ', 'ISADIAGGVIVQAVQ']","[540, 543, 545, 546, 548, 549]"
552,V,0.2888958752155304,6,"['ADIAGGVIVQAVQDI', 'AGGVIVQAVQDILPS', 'DIAGGVIVQAVQDIL', 'GGVIVQAVQDILPSL', 'GVIVQAVQDILPSLH', 'SADIAGGVIVQAVQD']","[544, 545, 546, 548, 549, 550]"
553,I,0.05403270572423935,2,"['GVIVQAVQDILPSLH', 'IAGGVIVQAVQDILP']","[547, 550]"
554,V,0.2888958752155304,6,"['ADIAGGVIVQAVQDI', 'AGGVIVQAVQDILPS', 'DIAGGVIVQAVQDIL', 'GGVIVQAVQDILPSL', 'IAGGVIVQAVQDILP', 'SADIAGGVIVQAVQD']","[544, 545, 546, 547, 548, 549]"
555,Q,0.009276765398681164,2,"['GVIVQAVQDILPSLH', 'SADIAGGVIVQAVQD']","[544, 550]"
556,A,0.2888958752155304,5,"['ADIAGGVIVQAVQDI', 'AGGVIVQAVQDILPS', 'DIAGGVIVQAVQDIL', 'GGVIVQAVQDILPSL', 'IAGGVIVQAVQDILP']","[545, 546, 547, 548, 549]"
557,V,0.2888958752155304,5,"['ADIAGGVIVQAVQDI', 'AGGVIVQAVQDILPS', 'DIAGGVIVQAVQDIL', 'GGVIVQAVQDILPSL', 'GVIVQAVQDILPSLH']","[545, 546, 548, 549, 550]"
558,Q,0.05403270572423935,2,"['GVIVQAVQDILPSLH', 'IAGGVIVQAVQDILP']","[547, 550]"
559,D,0.05403270572423935,1,['IAGGVIVQAVQDILP'],[547]
560,I,0.0,0,None,None
561,L,0.0,0,None,None
562,P,0.0,0,None,None
563,S,0.0,0,None,None
564,L,0.0,0,None,None
565,H,0.0,0,None,None
